Feature,XGB_Importance,Permutation_Importance,SHAP_Importance,XGB_Rank,Permutation_Rank,SHAP_Rank,Average_Rank
pp_E.Cadherin,0.03409963,0.06773049645390068,1.8878739,2.0,1.0,1.0,1.3333333333333333
mu_CDH1,0.017581973,0.006737588652482279,0.26543346,9.0,3.0,4.0,5.333333333333333
pp_AR,0.023204831,0.01347517730496453,0.12125753,5.0,2.0,18.0,8.333333333333334
pp_beta.Catenin,0.006488924,0.0014184397163120588,0.27546087,41.0,4.0,3.0,16.0
pp_YB.1,0.024858167,0.0,0.04962743,3.0,6.0,62.0,23.666666666666668
rs_LY6D,0.023167342,0.0,0.041154068,6.0,6.0,74.0,28.666666666666668
pp_eEF2,0.008805901,0.0,0.055219077,26.0,6.0,58.0,30.0
rs_PLCH1,0.0055551366,0.0,0.08069571,54.0,6.0,35.0,31.666666666666668
rs_FREM2,0.0037883918,0.0,0.15002567,79.0,6.0,15.0,33.333333333333336
rs_LOC642587,0.004321805,0.0,0.09799609,71.0,6.0,29.0,35.333333333333336
pp_X14.3.3.zeta,0.004432826,0.0,0.068561524,68.0,6.0,43.0,39.0
pp_p70S6K,0.007668526,0.0,0.036184803,32.0,6.0,86.0,41.333333333333336
cn_MEGF10,0.005770767,0.0,0.041101865,51.0,6.0,75.0,44.0
rs_CIDEA,0.0061016595,0.0,0.036712423,49.0,6.0,81.0,45.333333333333336
rs_DES,0.0020421888,0.0,0.19168878,123.0,6.0,8.0,45.666666666666664
rs_FAM5C,0.0033081088,0.0,0.062912725,90.0,6.0,47.0,47.666666666666664
rs_WFDC2,0.01036019,0.0,0.028288832,20.0,6.0,137.0,54.333333333333336
rs_SLC6A4,0.0029456886,0.0,0.05421242,101.0,6.0,59.0,55.333333333333336
pp_TFRC,0.0016343807,0.0,0.10987879,143.0,6.0,22.0,57.0
pp_Dvl3,0.0038633994,0.0,0.03564934,77.0,6.0,89.0,57.333333333333336
rs_CITED1,0.012174366,0.0,0.024943838,16.0,6.0,154.0,58.666666666666664
rs_VSIG2,0.003542901,0.0,0.03525468,82.0,6.0,91.0,59.666666666666664
pp_HER3,0.00545009,0.0,0.031686127,56.0,6.0,121.0,61.0
rs_TSPAN1,0.0018463845,0.0,0.059104696,130.0,6.0,53.0,63.0
rs_WNK4,0.004100891,0.0,0.032881346,72.0,6.0,111.0,63.0
rs_C20orf114,0.006591863,0.0,0.026143799,39.0,6.0,145.0,63.333333333333336
rs_ALOX15B,0.0054048016,0.0,0.028941425,57.0,6.0,135.0,66.0
rs_PCK1,0.019813122,0.0014184397163120588,0.018468935,7.0,4.0,187.0,66.0
rs_VIPR2,0.010469605,0.0,0.021755598,19.0,6.0,173.0,66.0
rs_C1orf64,0.0034489788,0.0,0.032915797,84.0,6.0,110.0,66.66666666666667
pp_Rad51,0.0034417599,0.0,0.032374874,85.0,6.0,116.0,69.0
rs_ADCY5,0.00090423337,0.0,0.16255361,193.0,6.0,11.0,70.0
rs_CPB1,0.015733711,0.0,0.016151004,11.0,6.0,199.0,72.0
rs_ABCC8,0.00935361,0.0,0.018352155,23.0,6.0,188.0,72.33333333333333
rs_ANO3,0.0016891316,0.0,0.04261181,139.0,6.0,72.0,72.33333333333333
rs_CNTNAP2,0.0012298608,0.0,0.060376883,166.0,6.0,50.0,74.0
pp_INPP4B,0.003397918,0.0,0.028464297,88.0,6.0,136.0,76.66666666666667
rs_ARHGAP36,0.0032164876,0.0,0.029169587,94.0,6.0,133.0,77.66666666666667
rs_VWDE,0.0011013978,0.0,0.061090045,178.0,6.0,49.0,77.66666666666667
rs_RERGL,0.015002114,0.0,0.00967768,13.0,6.0,239.0,86.0
rs_SMOC1,0.0007111899,0.0,0.066317916,211.0,6.0,45.0,87.33333333333333
rs_NLRP2,0.0010197123,0.0,0.043076478,187.0,6.0,70.0,87.66666666666667
rs_CBLN2,0.0021058132,0.0,0.028075503,120.0,6.0,138.0,88.0
pp_SLC1A5,0.0029475626,0.0,0.02406001,100.0,6.0,159.0,88.33333333333333
rs_CR2,0.0007764883,0.0,0.058731094,205.0,6.0,54.0,88.33333333333333
pp_c.Met,0.00073272316,0.0,0.05992771,208.0,6.0,52.0,88.66666666666667
pp_PI3K.p110.alpha,0.023779618,0.0,0.0,4.0,6.0,261.0,90.33333333333333
rs_SYT8,0.0049966164,0.0,0.015935298,64.0,6.0,202.0,90.66666666666667
rs_CST2,0.0004507996,0.0,0.10714235,243.0,6.0,24.0,91.0
rs_KCNF1,0.00057648495,0.0,0.069517545,229.0,6.0,41.0,92.0
rs_TBC1D3G,0.015495381,0.0,0.0,12.0,6.0,261.0,93.0
rs_ZBTB16,0.0021233554,0.0,0.024916936,119.0,6.0,155.0,93.33333333333333
cn_MUC16,0.014676516,0.0,0.0,14.0,6.0,261.0,93.66666666666667
pp_ATM,0.012510433,0.0,0.0,15.0,6.0,261.0,94.0
pp_p53,0.011297898,0.0,0.0,17.0,6.0,261.0,94.66666666666667
rs_SYT13,0.00042556535,0.0,0.10291155,251.0,6.0,27.0,94.66666666666667
rs_HMGCS2,0.0012405213,0.0,0.032501552,165.0,6.0,114.0,95.0
rs_PGR,0.0068334374,0.0,0.008572526,38.0,6.0,241.0,95.0
pp_DUSP4,0.011118214,0.0,0.0,18.0,6.0,261.0,95.0
rs_MMP12,0.0027173834,0.0,0.021107487,107.0,6.0,175.0,96.0
rs_ADAMTS19,0.00986658,0.0,0.0,21.0,6.0,261.0,96.0
rs_EPYC,0.009539569,0.0,0.0,22.0,6.0,261.0,96.33333333333333
rs_IGSF1,0.0005994153,0.0,0.04879995,222.0,6.0,63.0,97.0
rs_KRT6A,0.009028658,0.0,0.0,24.0,6.0,261.0,97.0
rs_FABP7,0.0011822447,0.0,0.032561164,174.0,6.0,112.0,97.33333333333333
rs_MUCL1,0.008963802,0.0,0.0,25.0,6.0,261.0,97.33333333333333
cn_CHL1,0.008315786,0.0,0.0,27.0,6.0,261.0,98.0
rs_SLC7A2,0.00090282236,0.0,0.0347578,194.0,6.0,94.0,98.0
rs_SYT1,0.007869628,0.0,0.0,28.0,6.0,261.0,98.33333333333333
rs_DKK1,0.007840457,0.0,0.0,29.0,6.0,261.0,98.66666666666667
rs_TCN1,0.0078031938,0.0,0.0,30.0,6.0,261.0,99.0
rs_SLC7A4,0.00775331,0.0,0.0,31.0,6.0,261.0,99.33333333333333
rs_CDSN,0.0005828532,0.0,0.047190085,226.0,6.0,66.0,99.33333333333333
rs_HOXC10,0.00102385,0.0,0.03307096,186.0,6.0,109.0,100.33333333333333
rs_TFF3,0.007506744,0.0,0.0,34.0,6.0,261.0,100.33333333333333
rs_TMPRSS6,0.006582821,0.0,0.0051599783,40.0,6.0,256.0,100.66666666666667
pp_PARP.cleaved,0.00692084,0.0,0.0,37.0,6.0,261.0,101.33333333333333
rs_CLIC6,0.0014698937,0.0,0.024987474,150.0,6.0,152.0,102.66666666666667
rs_FUT6,0.0012022419,0.0,0.029251778,171.0,6.0,132.0,103.0
pp_c.Met.pY1235,0.006375486,0.0,0.0,42.0,6.0,261.0,103.0
rs_ACE2,0.0036263464,0.0,0.012542986,81.0,6.0,223.0,103.33333333333333
pp_S6,0.006308329,0.0,0.0,43.0,6.0,261.0,103.33333333333333
rs_ANKRD30A,0.0062853284,0.0,0.0,44.0,6.0,261.0,103.66666666666667
rs_ADAMDEC1,0.006278324,0.0,0.0,45.0,6.0,261.0,104.0
pp_Bcl.xL,0.006277952,0.0,0.0,46.0,6.0,261.0,104.33333333333333
pp_Cyclin.E1,0.006143685,0.0,0.0,47.0,6.0,261.0,104.66666666666667
pp_Rab25,0.0023612003,0.0,0.016242571,114.0,6.0,198.0,106.0
pp_PEA15.pS116,0.0057701548,0.0,0.0,52.0,6.0,261.0,106.33333333333333
rs_PTCHD1,0.005658951,0.0,0.0,53.0,6.0,261.0,106.66666666666667
rs_NKX2-2,0.0020051296,0.0,0.01833263,125.0,6.0,189.0,106.66666666666667
pp_Mre11,0.0055547445,0.0,0.0,55.0,6.0,261.0,107.33333333333333
rs_UGT2B15,0.0008151549,0.0,0.032243125,201.0,6.0,117.0,108.0
rs_FGF10,0.0011824713,0.0,0.025960531,173.0,6.0,146.0,108.33333333333333
rs_TNNT3,0.00539849,0.0,0.0,58.0,6.0,261.0,108.33333333333333
rs_AQP7,0.0053342893,0.0,0.0,59.0,6.0,261.0,108.66666666666667
rs_KRT14,0.0014981135,0.0,0.021231009,147.0,6.0,174.0,109.0
rs_SPAG17,0.0053340793,0.0,0.0,60.0,6.0,261.0,109.0
pp_DJ.1,0.005324266,0.0,0.0,61.0,6.0,261.0,109.33333333333333
rs_CYP4X1,0.00044650558,0.0,0.03777305,244.0,6.0,79.0,109.66666666666667
rs_LRP1B,0.0050370386,0.0,0.0,63.0,6.0,261.0,110.0
rs_SERHL2,0.0,0.0,0.10558257,299.0,6.0,26.0,110.33333333333333
cn_PART1,0.00492736,0.0,0.0,65.0,6.0,261.0,110.66666666666667
rs_CYP4F11,0.0049110223,0.0,0.0,66.0,6.0,261.0,111.0
rs_PRAME,0.0,0.0,0.10253118,299.0,6.0,28.0,111.0
pp_PARP1,0.0046797604,0.0,0.0,67.0,6.0,261.0,111.33333333333333
rs_MYBPC1,0.0004599482,0.0,0.03538011,240.0,6.0,90.0,112.0
rs_PGLYRP2,0.004380043,0.0,0.0,69.0,6.0,261.0,112.0
rs_PCOLCE2,0.0043655736,0.0,0.0,70.0,6.0,261.0,112.33333333333333
rs_RASAL1,0.0003485247,0.0,0.044767868,263.0,6.0,68.0,112.33333333333333
rs_TFPI2,0.0,0.0,0.088991866,299.0,6.0,32.0,112.33333333333333
rs_POF1B,0.0,0.0,0.08415314,299.0,6.0,34.0,113.0
rs_CA3,0.0040815985,0.0,0.0,73.0,6.0,261.0,113.33333333333333
rs_VGLL1,0.001704537,0.0,0.016329795,138.0,6.0,197.0,113.66666666666667
rs_ANKRD43,0.0040718783,0.0,0.0,74.0,6.0,261.0,113.66666666666667
rs_COMP,0.004059503,0.0,0.0,75.0,6.0,261.0,114.0
pp_ACC1,0.0038819523,0.0,0.0,76.0,6.0,261.0,114.33333333333333
rs_MRAP,0.0,0.0,0.07558003,299.0,6.0,38.0,114.33333333333333
rs_AK5,0.0,0.0,0.07423,299.0,6.0,39.0,114.66666666666667
rs_NBPF6,0.0,0.0,0.072715476,299.0,6.0,40.0,115.0
rs_MUC15,0.0038244594,0.0,0.0,78.0,6.0,261.0,115.0
rs_CHGB,0.0,0.0,0.068730965,299.0,6.0,42.0,115.66666666666667
pp_EPPK1,0.0037720664,0.0,0.0,80.0,6.0,261.0,115.66666666666667
rs_SFRP1,0.0034666054,0.0,0.0,83.0,6.0,261.0,116.66666666666667
rs_SERPINA6,0.0034136584,0.0,0.0,87.0,6.0,261.0,118.0
rs_CADM3,0.0020511162,0.0,0.011716543,122.0,6.0,227.0,118.33333333333333
rs_CNTFR,0.0033318729,0.0,0.0,89.0,6.0,261.0,118.66666666666667
rs_SMYD1,0.0032914905,0.0,0.0,91.0,6.0,261.0,119.33333333333333
rs_C2orf54,0.003272672,0.0,0.0,92.0,6.0,261.0,119.66666666666667
rs_PRG4,0.0,0.0,0.056715734,299.0,6.0,55.0,120.0
pp_RBM15,0.003224176,0.0,0.0,93.0,6.0,261.0,120.0
pp_MIG.6,0.0,0.0,0.05538471,299.0,6.0,57.0,120.66666666666667
rs_RBP4,0.0032106058,0.0,0.0,95.0,6.0,261.0,120.66666666666667
rs_ORM1,0.0032072316,0.0,0.0,96.0,6.0,261.0,121.0
pp_Bim,0.0031878182,0.0,0.0,97.0,6.0,261.0,121.33333333333333
rs_S100A9,0.00034269804,0.0,0.034784783,266.0,6.0,93.0,121.66666666666667
pp_CDK1.pY15,0.0,0.0,0.05401186,299.0,6.0,60.0,121.66666666666667
rs_EDN3,0.0030479946,0.0,0.0,99.0,6.0,261.0,122.0
rs_ATP1A2,0.0,0.0,0.049747493,299.0,6.0,61.0,122.0
rs_SAA1,0.00061037997,0.0,0.02637737,220.0,6.0,142.0,122.66666666666667
rs_WIF1,0.0,0.0,0.04856094,299.0,6.0,64.0,123.0
pp_JAB1,0.0028697301,0.0,0.0,102.0,6.0,261.0,123.0
rs_FGB,0.0020820596,0.0,0.008519432,121.0,6.0,242.0,123.0
pp_Ku80,0.00024388272,0.0,0.037052464,283.0,6.0,80.0,123.0
rs_LOC84740,0.002799795,0.0,0.0,103.0,6.0,261.0,123.33333333333333
rs_SELP,0.002731558,0.0,0.0,104.0,6.0,261.0,123.66666666666667
rs_TRH,0.0,0.0,0.044868153,299.0,6.0,67.0,124.0
cn_MYEOV,0.0027260361,0.0,0.0,105.0,6.0,261.0,124.0
pp_LKB1,0.002717637,0.0,0.0,106.0,6.0,261.0,124.33333333333333
rs_TTYH1,0.00035181362,0.0,0.033832856,262.0,6.0,105.0,124.33333333333333
rs_MAGEA1,0.000717059,0.0,0.024207748,210.0,6.0,158.0,124.66666666666667
rs_CST5,0.0026313795,0.0,0.0,108.0,6.0,261.0,125.0
cn_LRG1,0.002546993,0.0,0.0,109.0,6.0,261.0,125.33333333333333
rs_CYP4Z1,0.0,0.0,0.04303768,299.0,6.0,71.0,125.33333333333333
rs_CGA,0.002500679,0.0,0.0,110.0,6.0,261.0,125.66666666666667
rs_EEF1A2,0.002488701,0.0,0.0,111.0,6.0,261.0,126.0
pp_Akt.pT308,0.00094754336,0.0,0.0196703,191.0,6.0,181.0,126.0
pp_Bad.pS112,0.0,0.0,0.041701443,299.0,6.0,73.0,126.0
rs_CAPN6,0.002474787,0.0,0.0,112.0,6.0,261.0,126.33333333333333
rs_LOC283392,0.002419589,0.0,0.0,113.0,6.0,261.0,126.66666666666667
rs_FABP4,0.0,0.0,0.04099412,299.0,6.0,76.0,127.0
rs_ELOVL2,0.0023315463,0.0,0.0,115.0,6.0,261.0,127.33333333333333
pp_Acetyl.a.Tubulin.Lys40,0.0,0.0,0.038036738,299.0,6.0,77.0,127.33333333333333
rs_DEFB1,0.0023129242,0.0,0.0,116.0,6.0,261.0,127.66666666666667
rs_KLK5,0.0,0.0,0.03795935,299.0,6.0,78.0,127.66666666666667
rs_GJB1,0.0023021717,0.0,0.0,117.0,6.0,261.0,128.0
rs_CRYM,0.0005776671,0.0,0.025269229,228.0,6.0,150.0,128.0
pp_MSH6,0.0022221545,0.0,0.0,118.0,6.0,261.0,128.33333333333334
pp_Paxillin,0.00039942883,0.0,0.031514954,255.0,6.0,124.0,128.33333333333334
rs_ERBB4,0.00036917574,0.0,0.031781677,259.0,6.0,120.0,128.33333333333334
pp_PDK1.pS241,0.0,0.0,0.036422655,299.0,6.0,83.0,129.33333333333334
rs_GABRB3,0.0,0.0,0.03631475,299.0,6.0,84.0,129.66666666666666
rs_C14orf180,0.0,0.0,0.0363069,299.0,6.0,85.0,130.0
pp_S6.pS235.S236,0.00023283689,0.0,0.034131654,284.0,6.0,101.0,130.33333333333334
rs_ALOX15,0.002034358,0.0,0.0,124.0,6.0,261.0,130.33333333333334
pp_mTOR.pS2448,0.0,0.0,0.03566858,299.0,6.0,87.0,130.66666666666666
rs_CACNG4,0.00037863632,0.0,0.030236457,258.0,6.0,129.0,131.0
rs_MYOC,0.0019838829,0.0,0.0,126.0,6.0,261.0,131.0
rs_SLC6A11,0.0019035415,0.0,0.0,128.0,6.0,261.0,131.66666666666666
rs_SERPINB5,0.0018933226,0.0,0.0,129.0,6.0,261.0,132.0
rs_HEPACAM2,0.0,0.0,0.03509165,299.0,6.0,92.0,132.33333333333334
rs_CXCR2P1,0.0018373949,0.0,0.0,131.0,6.0,261.0,132.66666666666666
rs_CCL19,0.0014985477,0.0,0.0071503017,145.0,6.0,248.0,133.0
cn_ROBO2,0.0018299164,0.0,0.0,132.0,6.0,261.0,133.0
rs_CHI3L2,0.0,0.0,0.03467666,299.0,6.0,95.0,133.33333333333334
rs_MYEOV,0.0017677642,0.0,0.0,133.0,6.0,261.0,133.33333333333334
rs_ATP13A5,0.0017567152,0.0,0.0,134.0,6.0,261.0,133.66666666666666
rs_EREG,0.0012540689,0.0,0.010755035,163.0,6.0,232.0,133.66666666666666
rs_PVALB,0.0,0.0,0.034641277,299.0,6.0,96.0,133.66666666666666
rs_AMY1A,0.0017561301,0.0,0.0,135.0,6.0,261.0,134.0
rs_ACADL,0.0,0.0,0.034561127,299.0,6.0,97.0,134.0
cn_FBN2,0.0,0.0,0.034439895,299.0,6.0,98.0,134.33333333333334
rs_FAM3B,0.0017405576,0.0,0.0,136.0,6.0,261.0,134.33333333333334
mu_CROCCP2,0.0017089293,0.0,0.0,137.0,6.0,261.0,134.66666666666666
cn_FOXD1,0.0,0.0,0.03431641,299.0,6.0,99.0,134.66666666666666
cn_TYRP1,0.0,0.0,0.034186862,299.0,6.0,100.0,135.0
rs_CAPN9,0.0016800923,0.0,0.0,140.0,6.0,261.0,135.66666666666666
pp_PRDX1,0.0,0.0,0.034054253,299.0,6.0,102.0,135.66666666666666
pp_PTEN,0.0,0.0,0.03398263,299.0,6.0,103.0,136.0
rs_IL33,0.0016681622,0.0,0.0,141.0,6.0,261.0,136.0
rs_TP63,0.0016402687,0.0,0.0,142.0,6.0,261.0,136.33333333333334
rs_MIA,0.0,0.0,0.033901114,299.0,6.0,104.0,136.33333333333334
rs_TMC5,0.001386443,0.0,0.0064931726,154.0,6.0,251.0,137.0
pp_C.Raf.pS338,0.0,0.0,0.033790328,299.0,6.0,106.0,137.0
cn_LGALS2,0.0015757469,0.0,0.0,144.0,6.0,261.0,137.0
rs_HBA1,0.0,0.0,0.03364727,299.0,6.0,107.0,137.33333333333334
rs_COL2A1,0.00025383974,0.0,0.030720748,281.0,6.0,125.0,137.33333333333334
rs_PEG3,0.0,0.0,0.0331261,299.0,6.0,108.0,137.66666666666666
pp_B.Raf,0.0014984398,0.0,0.0,146.0,6.0,261.0,137.66666666666666
pp_Caveolin.1,0.0014967934,0.0,0.0,148.0,6.0,261.0,138.33333333333334
rs_HAPLN1,0.0014916584,0.0,0.0,149.0,6.0,261.0,138.66666666666666
rs_PADI3,0.0014470539,0.0,0.0,151.0,6.0,261.0,139.33333333333334
rs_IYD,0.0,0.0,0.032556154,299.0,6.0,113.0,139.33333333333334
rs_PPAPDC1A,0.0014259412,0.0,0.0,152.0,6.0,261.0,139.66666666666666
cn_CPAMD8,0.0013935562,0.0,0.0,153.0,6.0,261.0,140.0
rs_RIMS2,0.0,0.0,0.032494556,299.0,6.0,115.0,140.0
rs_ART3,0.001383511,0.0,0.0,155.0,6.0,261.0,140.66666666666666
pp_MEK1,0.0,0.0,0.032064103,299.0,6.0,118.0,141.0
rs_HIF3A,0.0013685544,0.0,0.0,156.0,6.0,261.0,141.0
pp_ARID1A,0.0,0.0,0.031814873,299.0,6.0,119.0,141.33333333333334
rs_VTCN1,0.001361915,0.0,0.0,157.0,6.0,261.0,141.33333333333334
pp_YB.1.pS102,0.0013570106,0.0,0.0,158.0,6.0,261.0,141.66666666666666
rs_CXCL13,0.0001917418,0.0,0.03168187,297.0,6.0,122.0,141.66666666666666
rs_RIMS4,0.0013492805,0.0,0.0,160.0,6.0,261.0,142.33333333333334
rs_SLC5A1,0.0013360461,0.0,0.0,161.0,6.0,261.0,142.66666666666666
rs_CRISP3,0.0,0.0,0.03164275,299.0,6.0,123.0,142.66666666666666
rs_C7,0.0010737001,0.0,0.0076152873,179.0,6.0,246.0,143.66666666666666
rs_ADAMTS15,0.0,0.0,0.030700514,299.0,6.0,126.0,143.66666666666666
rs_NDP,0.0008093631,0.0,0.012381058,202.0,6.0,224.0,144.0
rs_CALB2,0.0,0.0,0.030616594,299.0,6.0,127.0,144.0
rs_AQP5,0.0,0.0,0.030595854,299.0,6.0,128.0,144.33333333333334
rs_C1orf173,0.0,0.0,0.03014109,299.0,6.0,130.0,145.0
rs_ACTL8,0.0012161483,0.0,0.0,168.0,6.0,261.0,145.0
rs_S100A8,0.0012083952,0.0,0.0,169.0,6.0,261.0,145.33333333333334
rs_CLDN8,0.0,0.0,0.02973246,299.0,6.0,131.0,145.33333333333334
rs_AKR1B15,0.0012077355,0.0,0.0,170.0,6.0,261.0,145.66666666666666
rs_DSC3,0.0,0.0,0.029168809,299.0,6.0,134.0,146.33333333333334
rs_SCGB2A1,0.0011967384,0.0,0.0,172.0,6.0,261.0,146.33333333333334
rs_NXPH1,0.0011816244,0.0,0.0,175.0,6.0,261.0,147.33333333333334
rs_TMEM132C,0.0,0.0,0.027691314,299.0,6.0,139.0,148.0
rs_GRB14,0.0011079243,0.0,0.0,177.0,6.0,261.0,148.0
rs_LY6K,0.0,0.0,0.026656503,299.0,6.0,141.0,148.66666666666666
rs_NPY2R,0.001053222,0.0,0.0,182.0,6.0,261.0,149.66666666666666
rs_ACTA1,0.0,0.0,0.02625174,299.0,6.0,144.0,149.66666666666666
rs_AR,0.000246805,0.0,0.023398565,282.0,6.0,162.0,150.0
rs_MMP10,0.0010519847,0.0,0.0,183.0,6.0,261.0,150.0
rs_CD177,0.00064441405,0.0,0.01212379,219.0,6.0,226.0,150.33333333333334
rs_HGD,0.0010354896,0.0,0.0,185.0,6.0,261.0,150.66666666666666
rs_ROPN1B,0.0,0.0,0.025602661,299.0,6.0,147.0,150.66666666666666
rs_PITX1,0.000820275,0.0,0.0071915668,200.0,6.0,247.0,151.0
rs_HP,0.0,0.0,0.025479943,299.0,6.0,148.0,151.0
pp_Snail,0.0,0.0,0.02528786,299.0,6.0,149.0,151.33333333333334
rs_ZFP57,0.0010177846,0.0,0.0,188.0,6.0,261.0,151.66666666666666
rs_C3orf57,0.0009810821,0.0,0.0,189.0,6.0,261.0,152.0
rs_MS4A1,0.0009774368,0.0,0.0,190.0,6.0,261.0,152.33333333333334
cn_CELF5,0.00093562825,0.0,0.0,192.0,6.0,261.0,153.0
rs_PDZK1,0.00060328096,0.0,0.010429516,221.0,6.0,233.0,153.33333333333334
pp_ACC.pS79,0.0008650565,0.0,0.0,195.0,6.0,261.0,154.0
rs_CHRDL1,0.0,0.0,0.024359087,299.0,6.0,157.0,154.0
rs_TNNI3,0.0008547525,0.0,0.0,196.0,6.0,261.0,154.33333333333334
rs_DHRS2,0.0008466357,0.0,0.0,197.0,6.0,261.0,154.66666666666666
rs_C10orf82,0.00084472145,0.0,0.0,198.0,6.0,261.0,155.0
pp_NF.kB.p65.pS536,0.0,0.0,0.023842229,299.0,6.0,160.0,155.0
rs_SYTL5,0.0,0.0,0.023647647,299.0,6.0,161.0,155.33333333333334
pp_Smad1,0.00083091407,0.0,0.0,199.0,6.0,261.0,155.33333333333334
rs_F7,0.0,0.0,0.023165787,299.0,6.0,164.0,156.33333333333334
pp_SETD2,0.0,0.0,0.023119807,299.0,6.0,165.0,156.66666666666666
rs_ABCA12,0.00080414914,0.0,0.0,203.0,6.0,261.0,156.66666666666666
pp_Smad4,0.00039344555,0.0,0.014418324,257.0,6.0,208.0,157.0
pp_EGFR.pY1068,0.0007912304,0.0,0.0,204.0,6.0,261.0,157.0
pp_N.Ras,0.0,0.0,0.022789344,299.0,6.0,166.0,157.0
pp_TAZ,0.0,0.0,0.022442352,299.0,6.0,167.0,157.33333333333334
rs_FLJ45983,0.0,0.0,0.022382526,299.0,6.0,168.0,157.66666666666666
rs_ELF5,0.0,0.0,0.022193093,299.0,6.0,169.0,158.0
pp_X4E.BP1.pS65,0.0007414795,0.0,0.0,207.0,6.0,261.0,158.0
pp_HSP70,0.0,0.0,0.02211492,299.0,6.0,170.0,158.33333333333334
cn_DHRS2,0.0,0.0,0.022043314,299.0,6.0,171.0,158.66666666666666
pp_Caspase.8,0.0007284102,0.0,0.0,209.0,6.0,261.0,158.66666666666666
rs_PCDHA10,0.0,0.0,0.021854889,299.0,6.0,172.0,159.0
rs_ATP6V0A4,0.00070836226,0.0,0.0,212.0,6.0,261.0,159.66666666666666
rs_SOX11,0.0006988378,0.0,0.0,213.0,6.0,261.0,160.0
pp_IRS1,0.000682942,0.0,0.0,214.0,6.0,261.0,160.33333333333334
rs_CLSTN2,0.00044167496,0.0,0.011604332,247.0,6.0,228.0,160.33333333333334
pp_p38.pT180.Y182,0.0,0.0,0.021097874,299.0,6.0,176.0,160.33333333333334
pp_A.Raf.pS299,0.0,0.0,0.020825066,299.0,6.0,177.0,160.66666666666666
rs_AKR7A3,0.00067986466,0.0,0.0,215.0,6.0,261.0,160.66666666666666
pp_FOXO3a.pS318.S321,0.0005794477,0.0,0.0066261985,227.0,6.0,250.0,161.0
pp_N.Cadherin,0.0,0.0,0.020227706,299.0,6.0,178.0,161.0
rs_AFP,0.0006792045,0.0,0.0,216.0,6.0,261.0,161.0
cn_CDKN2A,0.0,0.0,0.0201568,299.0,6.0,179.0,161.33333333333334
rs_A2ML1,0.0006597739,0.0,0.0,217.0,6.0,261.0,161.33333333333334
pp_NDRG1.pT346,0.00019254113,0.0,0.019591391,296.0,6.0,183.0,161.66666666666666
rs_DCX,0.0,0.0,0.01967321,299.0,6.0,180.0,161.66666666666666
rs_PLA2G3,0.0,0.0,0.019667258,299.0,6.0,182.0,162.33333333333334
rs_CYP4F8,0.0,0.0,0.019151973,299.0,6.0,185.0,163.33333333333334
rs_TFAP2B,0.0,0.0,0.01895162,299.0,6.0,186.0,163.66666666666666
cn_RRAD,0.000589016,0.0,0.0,224.0,6.0,261.0,163.66666666666666
rs_NTS,0.00058470987,0.0,0.0,225.0,6.0,261.0,164.0
rs_LRRC31,0.0,0.0,0.017651815,299.0,6.0,190.0,165.0
pp_IGF1R.pY1135.Y1136,0.0,0.0,0.01741705,299.0,6.0,191.0,165.33333333333334
rs_NBPF4,0.000569408,0.0,0.0,230.0,6.0,261.0,165.66666666666666
rs_DCDC2,0.0,0.0,0.01707727,299.0,6.0,192.0,165.66666666666666
rs_FGG,0.0,0.0,0.01702445,299.0,6.0,193.0,166.0
rs_SDR16C5,0.00056601537,0.0,0.0,231.0,6.0,261.0,166.0
pp_GSK3.pS9,0.00053753145,0.0,0.0,232.0,6.0,261.0,166.33333333333334
rs_ABCC13,0.0,0.0,0.0169883,299.0,6.0,194.0,166.33333333333334
rs_TSIX,0.0,0.0,0.016876196,299.0,6.0,195.0,166.66666666666666
pp_Shc.pY317,0.0004992406,0.0,0.0,234.0,6.0,261.0,167.0
pp_Rictor,0.0,0.0,0.016442494,299.0,6.0,196.0,167.0
rs_ABCC11,0.00047280753,0.0,0.0,236.0,6.0,261.0,167.66666666666666
cn_CCL14,0.00047024337,0.0,0.0,238.0,6.0,261.0,168.33333333333334
pp_p27,0.0,0.0,0.016104488,299.0,6.0,200.0,168.33333333333334
pp_CD31,0.00046452283,0.0,0.0,239.0,6.0,261.0,168.66666666666666
pp_BRD4,0.0,0.0,0.01597012,299.0,6.0,201.0,168.66666666666666
rs_KCNG1,0.0,0.0,0.015915263,299.0,6.0,203.0,169.33333333333334
pp_MSH2,0.00045340232,0.0,0.0,241.0,6.0,261.0,169.33333333333334
rs_CXCL17,0.0,0.0,0.015753444,299.0,6.0,204.0,169.66666666666666
pp_IGFBP2,0.0,0.0,0.015658759,299.0,6.0,205.0,170.0
rs_NTNG1,0.0,0.0,0.014521922,299.0,6.0,206.0,170.33333333333334
pp_XRCC1,0.00044369494,0.0,0.0,245.0,6.0,261.0,170.66666666666666
pp_PDCD4,0.0,0.0,0.014446472,299.0,6.0,207.0,170.66666666666666
pp_Smac,0.0004430448,0.0,0.0,246.0,6.0,261.0,171.0
pp_PDK1,0.0,0.0,0.014327584,299.0,6.0,209.0,171.33333333333334
cn_ADAMTS19,0.0004401254,0.0,0.0,248.0,6.0,261.0,171.66666666666666
rs_FOSB,0.0,0.0,0.014216537,299.0,6.0,211.0,172.0
rs_AREG,0.0,0.0,0.013963181,299.0,6.0,212.0,172.33333333333334
rs_CTNND2,0.00043810255,0.0,0.0,250.0,6.0,261.0,172.33333333333334
rs_FAM3D,0.0,0.0,0.013891112,299.0,6.0,213.0,172.66666666666666
rs_PTPRT,0.0,0.0,0.01378892,299.0,6.0,214.0,173.0
pp_p21,0.0004236505,0.0,0.0,252.0,6.0,261.0,173.0
rs_AFF3,0.00041647506,0.0,0.0,253.0,6.0,261.0,173.33333333333334
rs_PPP1R1B,0.0,0.0,0.013648093,299.0,6.0,215.0,173.33333333333334
cn_NRG1,0.0,0.0,0.01332839,299.0,6.0,216.0,173.66666666666666
rs_TPSD1,0.00040619756,0.0,0.0,254.0,6.0,261.0,173.66666666666666
pp_X14.3.3.epsilon,0.0,0.0,0.013222533,299.0,6.0,217.0,174.0
rs_DCD,0.0,0.0,0.012942391,299.0,6.0,218.0,174.33333333333334
rs_GSTT1,0.0003989709,0.0,0.0,256.0,6.0,261.0,174.33333333333334
rs_FIGF,0.0,0.0,0.012937952,299.0,6.0,219.0,174.66666666666666
rs_PCDHA11,0.0,0.0,0.012858858,299.0,6.0,220.0,175.0
cn_GJB2,0.0,0.0,0.0128510045,299.0,6.0,221.0,175.33333333333334
rs_AKR1C2,0.00036664377,0.0,0.0,260.0,6.0,261.0,175.66666666666666
rs_KRT6B,0.0,0.0,0.012737553,299.0,6.0,222.0,175.66666666666666
rs_KNDC1,0.0,0.0,0.01237956,299.0,6.0,225.0,176.66666666666666
pp_Smad3,0.00034745876,0.0,0.0,264.0,6.0,261.0,177.0
cn_FGL1,0.0003456238,0.0,0.0,265.0,6.0,261.0,177.33333333333334
rs_NTRK3,0.0,0.0,0.011453516,299.0,6.0,229.0,178.0
rs_NAT1,0.00033408243,0.0,0.0,267.0,6.0,261.0,178.0
pp_c.Kit,0.0,0.0,0.0112487655,299.0,6.0,230.0,178.33333333333334
rs_CCL18,0.0,0.0,0.010876449,299.0,6.0,231.0,178.66666666666666
rs_SLC5A8,0.00029866255,0.0,0.0,269.0,6.0,261.0,178.66666666666666
rs_GPX2,0.00029666393,0.0,0.0,270.0,6.0,261.0,179.0
pp_PI3K.p85,0.0002948934,0.0,0.0,271.0,6.0,261.0,179.33333333333334
rs_ACTG2,0.0,0.0,0.010301956,299.0,6.0,234.0,179.66666666666666
pp_Chk1.pS296,0.0002850479,0.0,0.0,273.0,6.0,261.0,180.0
rs_INSM1,0.00028173448,0.0,0.0,274.0,6.0,261.0,180.33333333333334
rs_FOXA1,0.0,0.0,0.010026007,299.0,6.0,236.0,180.33333333333334
pp_Fibronectin,0.00027769958,0.0,0.0,275.0,6.0,261.0,180.66666666666666
pp_HER2,0.0,0.0,0.009749961,299.0,6.0,237.0,180.66666666666666
rs_CA9,0.0002761576,0.0,0.0,276.0,6.0,261.0,181.0
rs_TMEM45B,0.0,0.0,0.009743073,299.0,6.0,238.0,181.0
pp_PKC.pan.BetaII.pS660,0.0002754999,0.0,0.0,277.0,6.0,261.0,181.33333333333334
rs_THRSP,0.0,0.0,0.009552601,299.0,6.0,240.0,181.66666666666666
rs_CECR2,0.00027231913,0.0,0.0,278.0,6.0,261.0,181.66666666666666
rs_HOXB13,0.0002694849,0.0,0.0,279.0,6.0,261.0,182.0
rs_MS4A8B,0.0002643399,0.0,0.0,280.0,6.0,261.0,182.33333333333334
rs_LCN2,0.0,0.0,0.008426518,299.0,6.0,243.0,182.66666666666666
rs_GRIA2,0.0,0.0,0.007952853,299.0,6.0,244.0,183.0
pp_ERK2,0.0,0.0,0.007793187,299.0,6.0,245.0,183.33333333333334
rs_GPR12,0.00023233179,0.0,0.0,285.0,6.0,261.0,184.0
pp_eIF4G,0.00022511314,0.0,0.0,286.0,6.0,261.0,184.33333333333334
pp_GATA3,0.00022142043,0.0,0.0,287.0,6.0,261.0,184.66666666666666
rs_CCL28,0.0,0.0,0.0070324508,299.0,6.0,249.0,184.66666666666666
rs_ZNF385B,0.00022098844,0.0,0.0,288.0,6.0,261.0,185.0
pp_Beclin,0.0002197067,0.0,0.0,289.0,6.0,261.0,185.33333333333334
pp_X4E.BP1.pT37.T46,0.00021508179,0.0,0.0,290.0,6.0,261.0,185.66666666666666
pp_PKC.alpha.pS657,0.00020799352,0.0,0.0,291.0,6.0,261.0,186.0
rs_PAX7,0.0,0.0,0.006361437,299.0,6.0,253.0,186.0
rs_PON3,0.00020502802,0.0,0.0,292.0,6.0,261.0,186.33333333333334
rs_PPP2R2C,0.0,0.0,0.0058831647,299.0,6.0,254.0,186.33333333333334
rs_LRG1,0.0,0.0,0.0052962136,299.0,6.0,255.0,186.66666666666666
pp_Rb,0.00020473843,0.0,0.0,293.0,6.0,261.0,186.66666666666666
pp_Bcl2A1,0.00019731976,0.0,0.0,294.0,6.0,261.0,187.0
pp_HER3.pY1289,0.0,0.0,0.005068417,299.0,6.0,257.0,187.33333333333334
rs_CD300LG,0.00019277791,0.0,0.0,295.0,6.0,261.0,187.33333333333334
pp_p38.MAPK,0.0,0.0,0.004439322,299.0,6.0,258.0,187.66666666666666
pp_p90RSK,0.0,0.0,0.0043018074,299.0,6.0,259.0,188.0
rs_CDC20B,0.00019037658,0.0,0.0,298.0,6.0,261.0,188.33333333333334
rs_GLDC,0.0,0.0,0.0035625687,299.0,6.0,260.0,188.33333333333334
rs_DACH1,0.0,0.0,0.0,299.0,6.0,261.0,188.66666666666666
rs_S100A7,0.0,0.0,0.0,299.0,6.0,261.0,188.66666666666666
rs_ADIPOQ,0.0,0.0,0.0,299.0,6.0,261.0,188.66666666666666
rs_CYP2B7P1,0.0,0.0,0.0,299.0,6.0,261.0,188.66666666666666
rs_MSLN,0.0,0.0,0.0,299.0,6.0,261.0,188.66666666666666
rs_TAT,0.0,0.0,0.0,299.0,6.0,261.0,188.66666666666666
rs_KRT81,0.0,0.0,0.0,299.0,6.0,261.0,188.66666666666666
pp_Src,0.0,0.0,0.0,299.0,6.0,261.0,188.66666666666666
pp_Src.pY416,0.0,0.0,0.0,299.0,6.0,261.0,188.66666666666666
pp_Src.pY527,0.0,0.0,0.0,299.0,6.0,261.0,188.66666666666666
pp_Stathmin,0.0,0.0,0.0,299.0,6.0,261.0,188.66666666666666
pp_Syk,0.0,0.0,0.0,299.0,6.0,261.0,188.66666666666666
rs_SERPINA11,0.0,0.0,0.0,299.0,6.0,261.0,188.66666666666666
pp_TIGAR,0.0,0.0,0.0,299.0,6.0,261.0,188.66666666666666
pp_TSC1,0.0,0.0,0.0,299.0,6.0,261.0,188.66666666666666
rs_BCAS1,0.0,0.0,0.0,299.0,6.0,261.0,188.66666666666666
rs_ADH1B,0.0,0.0,0.0,299.0,6.0,261.0,188.66666666666666
rs_CLEC3A,0.0,0.0,0.0,299.0,6.0,261.0,188.66666666666666
rs_PIP,0.0,0.0,0.0,299.0,6.0,261.0,188.66666666666666
rs_PI16,0.0,0.0,0.0,299.0,6.0,261.0,188.66666666666666
rs_COL17A1,0.0,0.0,0.0,299.0,6.0,261.0,188.66666666666666
rs_SLC6A14,0.0,0.0,0.0,299.0,6.0,261.0,188.66666666666666
pp_YAP.pS127,0.0,0.0,0.0,299.0,6.0,261.0,188.66666666666666
rs_PROL1,0.0,0.0,0.0,299.0,6.0,261.0,188.66666666666666
pp_c.Abl,0.0,0.0,0.0,299.0,6.0,261.0,188.66666666666666
pp_c.Jun.pS73,0.0,0.0,0.0,299.0,6.0,261.0,188.66666666666666
rs_CALML3,0.0,0.0,0.0,299.0,6.0,261.0,188.66666666666666
rs_PLIN4,0.0,0.0,0.0,299.0,6.0,261.0,188.66666666666666
pp_cIAP,0.0,0.0,0.0,299.0,6.0,261.0,188.66666666666666
rs_BEX1,0.0,0.0,0.0,299.0,6.0,261.0,188.66666666666666
pp_eEF2K,0.0,0.0,0.0,299.0,6.0,261.0,188.66666666666666
pp_Transglutaminase,0.0,0.0,0.0,299.0,6.0,261.0,188.66666666666666
rs_HSD17B2,0.0,0.0,0.0,299.0,6.0,261.0,188.66666666666666
rs_KIAA0408,0.0,0.0,0.0,299.0,6.0,261.0,188.66666666666666
rs_FAM5B,0.0,0.0,0.0,299.0,6.0,261.0,188.66666666666666
rs_FAM196A,0.0,0.0,0.0,299.0,6.0,261.0,188.66666666666666
rs_PNMT,0.0,0.0,0.0,299.0,6.0,261.0,188.66666666666666
rs_NCCRP1,0.0,0.0,0.0,299.0,6.0,261.0,188.66666666666666
rs_KRT23,0.0,0.0,0.0,299.0,6.0,261.0,188.66666666666666
rs_C2CD4A,0.0,0.0,0.0,299.0,6.0,261.0,188.66666666666666
rs_NPY5R,0.0,0.0,0.0,299.0,6.0,261.0,188.66666666666666
rs_LOC728606,0.0,0.0,0.0,299.0,6.0,261.0,188.66666666666666
rs_HORMAD1,0.0,0.0,0.0,299.0,6.0,261.0,188.66666666666666
rs_SLPI,0.0,0.0,0.0,299.0,6.0,261.0,188.66666666666666
rs_ANXA8L2,0.0,0.0,0.0,299.0,6.0,261.0,188.66666666666666
rs_FSIP1,0.0,0.0,0.0,299.0,6.0,261.0,188.66666666666666
rs_PIK3C2G,0.0,0.0,0.0,299.0,6.0,261.0,188.66666666666666
rs_CYP4B1,0.0,0.0,0.0,299.0,6.0,261.0,188.66666666666666
rs_TRPA1,0.0,0.0,0.0,299.0,6.0,261.0,188.66666666666666
rs_PCSK1N,0.0,0.0,0.0,299.0,6.0,261.0,188.66666666666666
rs_UGT2B28,0.0,0.0,0.0,299.0,6.0,261.0,188.66666666666666
rs_PPP1R14C,0.0,0.0,0.0,299.0,6.0,261.0,188.66666666666666
rs_ONECUT2,0.0,0.0,0.0,299.0,6.0,261.0,188.66666666666666
rs_RGS22,0.0,0.0,0.0,299.0,6.0,261.0,188.66666666666666
rs_RBM24,0.0,0.0,0.0,299.0,6.0,261.0,188.66666666666666
rs_TRPV6,0.0,0.0,0.0,299.0,6.0,261.0,188.66666666666666
rs_ATP13A4,0.0,0.0,0.0,299.0,6.0,261.0,188.66666666666666
rs_C19orf33,0.0,0.0,0.0,299.0,6.0,261.0,188.66666666666666
rs_KRT4,0.0,0.0,0.0,299.0,6.0,261.0,188.66666666666666
rs_ZIC2,0.0,0.0,0.0,299.0,6.0,261.0,188.66666666666666
rs_OGN,0.0,0.0,0.0,299.0,6.0,261.0,188.66666666666666
rs_ATRNL1,0.0,0.0,0.0,299.0,6.0,261.0,188.66666666666666
rs_IGDCC3,0.0,0.0,0.0,299.0,6.0,261.0,188.66666666666666
rs_FGFBP1,0.0,0.0,0.0,299.0,6.0,261.0,188.66666666666666
rs_HRASLS5,0.0,0.0,0.0,299.0,6.0,261.0,188.66666666666666
rs_FAT2,0.0,0.0,0.0,299.0,6.0,261.0,188.66666666666666
rs_CCNO,0.0,0.0,0.0,299.0,6.0,261.0,188.66666666666666
rs_C2orf40,0.0,0.0,0.0,299.0,6.0,261.0,188.66666666666666
rs_DARC,0.0,0.0,0.0,299.0,6.0,261.0,188.66666666666666
rs_C16orf89,0.0,0.0,0.0,299.0,6.0,261.0,188.66666666666666
rs_ABCA8,0.0,0.0,0.0,299.0,6.0,261.0,188.66666666666666
rs_SLC9A2,0.0,0.0,0.0,299.0,6.0,261.0,188.66666666666666
rs_COL10A1,0.0,0.0,0.0,299.0,6.0,261.0,188.66666666666666
rs_FOXJ1,0.0,0.0,0.0,299.0,6.0,261.0,188.66666666666666
rs_ANXA8,0.0,0.0,0.0,299.0,6.0,261.0,188.66666666666666
rs_MARCO,0.0,0.0,0.0,299.0,6.0,261.0,188.66666666666666
rs_PPP1R1A,0.0,0.0,0.0,299.0,6.0,261.0,188.66666666666666
rs_PI15,0.0,0.0,0.0,299.0,6.0,261.0,188.66666666666666
rs_WDR72,0.0,0.0,0.0,299.0,6.0,261.0,188.66666666666666
rs_SPDYC,0.0,0.0,0.0,299.0,6.0,261.0,188.66666666666666
rs_S100B,0.0,0.0,0.0,299.0,6.0,261.0,188.66666666666666
rs_CARTPT,0.0,0.0,0.0,299.0,6.0,261.0,188.66666666666666
rs_PRSS21,0.0,0.0,0.0,299.0,6.0,261.0,188.66666666666666
rs_FAM83E,0.0,0.0,0.0,299.0,6.0,261.0,188.66666666666666
rs_MAPK4,0.0,0.0,0.0,299.0,6.0,261.0,188.66666666666666
rs_IRX1,0.0,0.0,0.0,299.0,6.0,261.0,188.66666666666666
rs_SYNPO2L,0.0,0.0,0.0,299.0,6.0,261.0,188.66666666666666
rs_GLYAT,0.0,0.0,0.0,299.0,6.0,261.0,188.66666666666666
rs_GRIK3,0.0,0.0,0.0,299.0,6.0,261.0,188.66666666666666
rs_TPRG1,0.0,0.0,0.0,299.0,6.0,261.0,188.66666666666666
rs_AKR1B10,0.0,0.0,0.0,299.0,6.0,261.0,188.66666666666666
rs_IGJ,0.0,0.0,0.0,299.0,6.0,261.0,188.66666666666666
rs_PSCA,0.0,0.0,0.0,299.0,6.0,261.0,188.66666666666666
rs_GRIA4,0.0,0.0,0.0,299.0,6.0,261.0,188.66666666666666
rs_CYP2A7,0.0,0.0,0.0,299.0,6.0,261.0,188.66666666666666
rs_GRM4,0.0,0.0,0.0,299.0,6.0,261.0,188.66666666666666
rs_PRODH,0.0,0.0,0.0,299.0,6.0,261.0,188.66666666666666
rs_SHISA9,0.0,0.0,0.0,299.0,6.0,261.0,188.66666666666666
rs_SOX2,0.0,0.0,0.0,299.0,6.0,261.0,188.66666666666666
rs_SLC27A6,0.0,0.0,0.0,299.0,6.0,261.0,188.66666666666666
rs_PP14571,0.0,0.0,0.0,299.0,6.0,261.0,188.66666666666666
rs_MMP7,0.0,0.0,0.0,299.0,6.0,261.0,188.66666666666666
rs_UGT8,0.0,0.0,0.0,299.0,6.0,261.0,188.66666666666666
rs_NEURL,0.0,0.0,0.0,299.0,6.0,261.0,188.66666666666666
rs_APOD,0.0,0.0,0.0,299.0,6.0,261.0,188.66666666666666
rs_TMEM213,0.0,0.0,0.0,299.0,6.0,261.0,188.66666666666666
rs_TUBA3E,0.0,0.0,0.0,299.0,6.0,261.0,188.66666666666666
rs_TDRD1,0.0,0.0,0.0,299.0,6.0,261.0,188.66666666666666
rs_TPSG1,0.0,0.0,0.0,299.0,6.0,261.0,188.66666666666666
rs_C6,0.0,0.0,0.0,299.0,6.0,261.0,188.66666666666666
rs_KRT6C,0.0,0.0,0.0,299.0,6.0,261.0,188.66666666666666
rs_LGR6,0.0,0.0,0.0,299.0,6.0,261.0,188.66666666666666
rs_PLA2G2D,0.0,0.0,0.0,299.0,6.0,261.0,188.66666666666666
rs_SLC19A3,0.0,0.0,0.0,299.0,6.0,261.0,188.66666666666666
rs_KLK8,0.0,0.0,0.0,299.0,6.0,261.0,188.66666666666666
rs_MSMB,0.0,0.0,0.0,299.0,6.0,261.0,188.66666666666666
rs_IL20,0.0,0.0,0.0,299.0,6.0,261.0,188.66666666666666
rs_KRT16,0.0,0.0,0.0,299.0,6.0,261.0,188.66666666666666
rs_SLC13A2,0.0,0.0,0.0,299.0,6.0,261.0,188.66666666666666
rs_TRIM29,0.0,0.0,0.0,299.0,6.0,261.0,188.66666666666666
rs_ORM2,0.0,0.0,0.0,299.0,6.0,261.0,188.66666666666666
rs_LPPR3,0.0,0.0,0.0,299.0,6.0,261.0,188.66666666666666
rs_HS6ST3,0.0,0.0,0.0,299.0,6.0,261.0,188.66666666666666
rs_SERPINA5,0.0,0.0,0.0,299.0,6.0,261.0,188.66666666666666
rs_ZIC1,0.0,0.0,0.0,299.0,6.0,261.0,188.66666666666666
rs_CST4,0.0,0.0,0.0,299.0,6.0,261.0,188.66666666666666
rs_NCRNA00052,0.0,0.0,0.0,299.0,6.0,261.0,188.66666666666666
rs_MYT1,0.0,0.0,0.0,299.0,6.0,261.0,188.66666666666666
rs_NOVA1,0.0,0.0,0.0,299.0,6.0,261.0,188.66666666666666
rs_SCRG1,0.0,0.0,0.0,299.0,6.0,261.0,188.66666666666666
rs_TTC36,0.0,0.0,0.0,299.0,6.0,261.0,188.66666666666666
rs_TOX3,0.0,0.0,0.0,299.0,6.0,261.0,188.66666666666666
rs_IRX4,0.0,0.0,0.0,299.0,6.0,261.0,188.66666666666666
rs_SCNN1G,0.0,0.0,0.0,299.0,6.0,261.0,188.66666666666666
rs_CXADRP3,0.0,0.0,0.0,299.0,6.0,261.0,188.66666666666666
rs_CHST9,0.0,0.0,0.0,299.0,6.0,261.0,188.66666666666666
rs_CD36,0.0,0.0,0.0,299.0,6.0,261.0,188.66666666666666
rs_S100A2,0.0,0.0,0.0,299.0,6.0,261.0,188.66666666666666
rs_TFF1,0.0,0.0,0.0,299.0,6.0,261.0,188.66666666666666
rs_GLYATL1,0.0,0.0,0.0,299.0,6.0,261.0,188.66666666666666
rs_RELN,0.0,0.0,0.0,299.0,6.0,261.0,188.66666666666666
rs_BCL11A,0.0,0.0,0.0,299.0,6.0,261.0,188.66666666666666
rs_RET,0.0,0.0,0.0,299.0,6.0,261.0,188.66666666666666
rs_WT1,0.0,0.0,0.0,299.0,6.0,261.0,188.66666666666666
rs_CLDN19,0.0,0.0,0.0,299.0,6.0,261.0,188.66666666666666
rs_MMP11,0.0,0.0,0.0,299.0,6.0,261.0,188.66666666666666
rs_DOK7,0.0,0.0,0.0,299.0,6.0,261.0,188.66666666666666
rs_RHCG,0.0,0.0,0.0,299.0,6.0,261.0,188.66666666666666
rs_SCGN,0.0,0.0,0.0,299.0,6.0,261.0,188.66666666666666
rs_OSR1,0.0,0.0,0.0,299.0,6.0,261.0,188.66666666666666
rs_S100A1,0.0,0.0,0.0,299.0,6.0,261.0,188.66666666666666
rs_PLP1,0.0,0.0,0.0,299.0,6.0,261.0,188.66666666666666
rs_NELL2,0.0,0.0,0.0,299.0,6.0,261.0,188.66666666666666
rs_SLC7A10,0.0,0.0,0.0,299.0,6.0,261.0,188.66666666666666
rs_SLC6A15,0.0,0.0,0.0,299.0,6.0,261.0,188.66666666666666
rs_MKRN3,0.0,0.0,0.0,299.0,6.0,261.0,188.66666666666666
rs_FAM83A,0.0,0.0,0.0,299.0,6.0,261.0,188.66666666666666
rs_SHISA2,0.0,0.0,0.0,299.0,6.0,261.0,188.66666666666666
rs_SBSN,0.0,0.0,0.0,299.0,6.0,261.0,188.66666666666666
rs_ABCC12,0.0,0.0,0.0,299.0,6.0,261.0,188.66666666666666
rs_EMX1,0.0,0.0,0.0,299.0,6.0,261.0,188.66666666666666
rs_GPRIN2,0.0,0.0,0.0,299.0,6.0,261.0,188.66666666666666
rs_C19orf21,0.0,0.0,0.0,299.0,6.0,261.0,188.66666666666666
rs_CSN3,0.0,0.0,0.0,299.0,6.0,261.0,188.66666666666666
rs_GABBR2,0.0,0.0,0.0,299.0,6.0,261.0,188.66666666666666
rs_ANGPTL7,0.0,0.0,0.0,299.0,6.0,261.0,188.66666666666666
rs_C4BPA,0.0,0.0,0.0,299.0,6.0,261.0,188.66666666666666
rs_MAOB,0.0,0.0,0.0,299.0,6.0,261.0,188.66666666666666
rs_KCNJ16,0.0,0.0,0.0,299.0,6.0,261.0,188.66666666666666
rs_SLC15A1,0.0,0.0,0.0,299.0,6.0,261.0,188.66666666666666
rs_MUC2,0.0,0.0,0.0,299.0,6.0,261.0,188.66666666666666
rs_PCDHA12,0.0,0.0,0.0,299.0,6.0,261.0,188.66666666666666
rs_PART1,0.0,0.0,0.0,299.0,6.0,261.0,188.66666666666666
rs_DBC1,0.0,0.0,0.0,299.0,6.0,261.0,188.66666666666666
rs_CXCL14,0.0,0.0,0.0,299.0,6.0,261.0,188.66666666666666
rs_MKX,0.0,0.0,0.0,299.0,6.0,261.0,188.66666666666666
rs_ADH1A,0.0,0.0,0.0,299.0,6.0,261.0,188.66666666666666
rs_S100A7A,0.0,0.0,0.0,299.0,6.0,261.0,188.66666666666666
rs_KRT15,0.0,0.0,0.0,299.0,6.0,261.0,188.66666666666666
rs_CYP4F22,0.0,0.0,0.0,299.0,6.0,261.0,188.66666666666666
rs_GLYATL2,0.0,0.0,0.0,299.0,6.0,261.0,188.66666666666666
rs_BBOX1,0.0,0.0,0.0,299.0,6.0,261.0,188.66666666666666
rs_SOSTDC1,0.0,0.0,0.0,299.0,6.0,261.0,188.66666666666666
rs_TMPRSS4,0.0,0.0,0.0,299.0,6.0,261.0,188.66666666666666
rs_DSG1,0.0,0.0,0.0,299.0,6.0,261.0,188.66666666666666
rs_SPAG6,0.0,0.0,0.0,299.0,6.0,261.0,188.66666666666666
rs_CCL21,0.0,0.0,0.0,299.0,6.0,261.0,188.66666666666666
rs_PI3,0.0,0.0,0.0,299.0,6.0,261.0,188.66666666666666
rs_MAGEA3,0.0,0.0,0.0,299.0,6.0,261.0,188.66666666666666
rs_TSPAN8,0.0,0.0,0.0,299.0,6.0,261.0,188.66666666666666
rs_CAPN13,0.0,0.0,0.0,299.0,6.0,261.0,188.66666666666666
rs_NMU,0.0,0.0,0.0,299.0,6.0,261.0,188.66666666666666
rs_GPM6A,0.0,0.0,0.0,299.0,6.0,261.0,188.66666666666666
cn_RASGEF1C,0.0,0.0,0.0,299.0,6.0,261.0,188.66666666666666
rs_C1orf95,0.0,0.0,0.0,299.0,6.0,261.0,188.66666666666666
rs_HEPACAM,0.0,0.0,0.0,299.0,6.0,261.0,188.66666666666666
rs_VIT,0.0,0.0,0.0,299.0,6.0,261.0,188.66666666666666
rs_CHRM1,0.0,0.0,0.0,299.0,6.0,261.0,188.66666666666666
rs_CCL14,0.0,0.0,0.0,299.0,6.0,261.0,188.66666666666666
rs_PCDH10,0.0,0.0,0.0,299.0,6.0,261.0,188.66666666666666
rs_SPINK8,0.0,0.0,0.0,299.0,6.0,261.0,188.66666666666666
rs_FERMT1,0.0,0.0,0.0,299.0,6.0,261.0,188.66666666666666
rs_MMRN1,0.0,0.0,0.0,299.0,6.0,261.0,188.66666666666666
rs_SEZ6L,0.0,0.0,0.0,299.0,6.0,261.0,188.66666666666666
rs_PAX2,0.0,0.0,0.0,299.0,6.0,261.0,188.66666666666666
rs_B3GNT3,0.0,0.0,0.0,299.0,6.0,261.0,188.66666666666666
rs_LOC440905,0.0,0.0,0.0,299.0,6.0,261.0,188.66666666666666
rs_CD19,0.0,0.0,0.0,299.0,6.0,261.0,188.66666666666666
rs_AQP7P1,0.0,0.0,0.0,299.0,6.0,261.0,188.66666666666666
rs_MAGEA4,0.0,0.0,0.0,299.0,6.0,261.0,188.66666666666666
rs_MYH11,0.0,0.0,0.0,299.0,6.0,261.0,188.66666666666666
rs_LOC100124692,0.0,0.0,0.0,299.0,6.0,261.0,188.66666666666666
rs_HS3ST4,0.0,0.0,0.0,299.0,6.0,261.0,188.66666666666666
rs_ACVR1C,0.0,0.0,0.0,299.0,6.0,261.0,188.66666666666666
rs_OXTR,0.0,0.0,0.0,299.0,6.0,261.0,188.66666666666666
rs_DEFB132,0.0,0.0,0.0,299.0,6.0,261.0,188.66666666666666
rs_APOB,0.0,0.0,0.0,299.0,6.0,261.0,188.66666666666666
rs_RNF183,0.0,0.0,0.0,299.0,6.0,261.0,188.66666666666666
rs_FLT3,0.0,0.0,0.0,299.0,6.0,261.0,188.66666666666666
rs_TNMD,0.0,0.0,0.0,299.0,6.0,261.0,188.66666666666666
rs_IBSP,0.0,0.0,0.0,299.0,6.0,261.0,188.66666666666666
rs_COL4A6,0.0,0.0,0.0,299.0,6.0,261.0,188.66666666666666
rs_FIBCD1,0.0,0.0,0.0,299.0,6.0,261.0,188.66666666666666
rs_CES1,0.0,0.0,0.0,299.0,6.0,261.0,188.66666666666666
cn_BAI2,0.0,0.0,0.0,299.0,6.0,261.0,188.66666666666666
cn_TEKT2,0.0,0.0,0.0,299.0,6.0,261.0,188.66666666666666
cn_DNALI1,0.0,0.0,0.0,299.0,6.0,261.0,188.66666666666666
cn_RSPO1,0.0,0.0,0.0,299.0,6.0,261.0,188.66666666666666
cn_KIAA0754,0.0,0.0,0.0,299.0,6.0,261.0,188.66666666666666
cn_KCNQ4,0.0,0.0,0.0,299.0,6.0,261.0,188.66666666666666
cn_CITED4,0.0,0.0,0.0,299.0,6.0,261.0,188.66666666666666
cn_EDN2,0.0,0.0,0.0,299.0,6.0,261.0,188.66666666666666
cn_CLDN19,0.0,0.0,0.0,299.0,6.0,261.0,188.66666666666666
cn_CDC20,0.0,0.0,0.0,299.0,6.0,261.0,188.66666666666666
rs_CXCL2,0.0,0.0,0.0,299.0,6.0,261.0,188.66666666666666
rs_FMO2,0.0,0.0,0.0,299.0,6.0,261.0,188.66666666666666
rs_BPIL1,0.0,0.0,0.0,299.0,6.0,261.0,188.66666666666666
rs_KCNIP2,0.0,0.0,0.0,299.0,6.0,261.0,188.66666666666666
rs_C8orf85,0.0,0.0,0.0,299.0,6.0,261.0,188.66666666666666
rs_CRYAB,0.0,0.0,0.0,299.0,6.0,261.0,188.66666666666666
cn_CYP4Z1,0.0,0.0,0.0,299.0,6.0,261.0,188.66666666666666
cn_PDZK1IP1,0.0,0.0,0.0,299.0,6.0,261.0,188.66666666666666
cn_RAB3B,0.0,0.0,0.0,299.0,6.0,261.0,188.66666666666666
cn_DIO1,0.0,0.0,0.0,299.0,6.0,261.0,188.66666666666666
cn_TTC22,0.0,0.0,0.0,299.0,6.0,261.0,188.66666666666666
cn_PCSK9,0.0,0.0,0.0,299.0,6.0,261.0,188.66666666666666
cn_PRKAA2,0.0,0.0,0.0,299.0,6.0,261.0,188.66666666666666
cn_C1orf168,0.0,0.0,0.0,299.0,6.0,261.0,188.66666666666666
cn_KANK4,0.0,0.0,0.0,299.0,6.0,261.0,188.66666666666666
cn_FOXD3,0.0,0.0,0.0,299.0,6.0,261.0,188.66666666666666
rs_SPHKAP,0.0,0.0,0.0,299.0,6.0,261.0,188.66666666666666
rs_HEPN1,0.0,0.0,0.0,299.0,6.0,261.0,188.66666666666666
cn_ISG15,0.0,0.0,0.0,299.0,6.0,261.0,188.66666666666666
cn_PLCH2,0.0,0.0,0.0,299.0,6.0,261.0,188.66666666666666
cn_SAMD11,0.0,0.0,0.0,299.0,6.0,261.0,188.66666666666666
cn_TNFRSF18,0.0,0.0,0.0,299.0,6.0,261.0,188.66666666666666
cn_PTGFR,0.0,0.0,0.0,299.0,6.0,261.0,188.66666666666666
cn_DNASE2B,0.0,0.0,0.0,299.0,6.0,261.0,188.66666666666666
cn_LPAR3,0.0,0.0,0.0,299.0,6.0,261.0,188.66666666666666
cn_CLCA2,0.0,0.0,0.0,299.0,6.0,261.0,188.66666666666666
cn_CLCA4,0.0,0.0,0.0,299.0,6.0,261.0,188.66666666666666
cn_GBP5,0.0,0.0,0.0,299.0,6.0,261.0,188.66666666666666
cn_TGFBR3,0.0,0.0,0.0,299.0,6.0,261.0,188.66666666666666
cn_BRDT,0.0,0.0,0.0,299.0,6.0,261.0,188.66666666666666
cn_EPHX4,0.0,0.0,0.0,299.0,6.0,261.0,188.66666666666666
cn_ABCA4,0.0,0.0,0.0,299.0,6.0,261.0,188.66666666666666
cn_ARTN,0.0,0.0,0.0,299.0,6.0,261.0,188.66666666666666
cn_HPDL,0.0,0.0,0.0,299.0,6.0,261.0,188.66666666666666
cn_TSPAN1,0.0,0.0,0.0,299.0,6.0,261.0,188.66666666666666
cn_CYP4B1,0.0,0.0,0.0,299.0,6.0,261.0,188.66666666666666
cn_CYP4Z2P,0.0,0.0,0.0,299.0,6.0,261.0,188.66666666666666
cn_CYP4X1,0.0,0.0,0.0,299.0,6.0,261.0,188.66666666666666
cn_GSTM2,0.0,0.0,0.0,299.0,6.0,261.0,188.66666666666666
cn_GSTM5,0.0,0.0,0.0,299.0,6.0,261.0,188.66666666666666
cn_GSTM3,0.0,0.0,0.0,299.0,6.0,261.0,188.66666666666666
cn_SLC6A17,0.0,0.0,0.0,299.0,6.0,261.0,188.66666666666666
cn_CHI3L2,0.0,0.0,0.0,299.0,6.0,261.0,188.66666666666666
cn_KCND3,0.0,0.0,0.0,299.0,6.0,261.0,188.66666666666666
cn_FAM19A3,0.0,0.0,0.0,299.0,6.0,261.0,188.66666666666666
cn_AMPD1,0.0,0.0,0.0,299.0,6.0,261.0,188.66666666666666
cn_CASQ2,0.0,0.0,0.0,299.0,6.0,261.0,188.66666666666666
cn_VTCN1,0.0,0.0,0.0,299.0,6.0,261.0,188.66666666666666
cn_IL12RB2,0.0,0.0,0.0,299.0,6.0,261.0,188.66666666666666
cn_DIRAS3,0.0,0.0,0.0,299.0,6.0,261.0,188.66666666666666
cn_C1orf173,0.0,0.0,0.0,299.0,6.0,261.0,188.66666666666666
cn_SLC44A5,0.0,0.0,0.0,299.0,6.0,261.0,188.66666666666666
cn_ST6GALNAC5,0.0,0.0,0.0,299.0,6.0,261.0,188.66666666666666
cn_AK5,0.0,0.0,0.0,299.0,6.0,261.0,188.66666666666666
cn_ZNF695,0.0,0.0,0.0,299.0,6.0,261.0,188.66666666666666
cn_TRIM58,0.0,0.0,0.0,299.0,6.0,261.0,188.66666666666666
cn_CNTN4,0.0,0.0,0.0,299.0,6.0,261.0,188.66666666666666
cn_LRRN1,0.0,0.0,0.0,299.0,6.0,261.0,188.66666666666666
cn_EGOT,0.0,0.0,0.0,299.0,6.0,261.0,188.66666666666666
cn_CADM2,0.0,0.0,0.0,299.0,6.0,261.0,188.66666666666666
cn_NPFFR2,0.0,0.0,0.0,299.0,6.0,261.0,188.66666666666666
cn_ALB,0.0,0.0,0.0,299.0,6.0,261.0,188.66666666666666
cn_AFP,0.0,0.0,0.0,299.0,6.0,261.0,188.66666666666666
cn_RASSF6,0.0,0.0,0.0,299.0,6.0,261.0,188.66666666666666
cn_COL11A1,0.0,0.0,0.0,299.0,6.0,261.0,188.66666666666666
cn_AMY1A,0.0,0.0,0.0,299.0,6.0,261.0,188.66666666666666
cn_NTNG1,0.0,0.0,0.0,299.0,6.0,261.0,188.66666666666666
cn_NBPF4,0.0,0.0,0.0,299.0,6.0,261.0,188.66666666666666
cn_NBPF6,0.0,0.0,0.0,299.0,6.0,261.0,188.66666666666666
cn_GSTM1,0.0,0.0,0.0,299.0,6.0,261.0,188.66666666666666
cn_CDKL2,0.0,0.0,0.0,299.0,6.0,261.0,188.66666666666666
cn_CXCL9,0.0,0.0,0.0,299.0,6.0,261.0,188.66666666666666
cn_ART3,0.0,0.0,0.0,299.0,6.0,261.0,188.66666666666666
cn_CXCL10,0.0,0.0,0.0,299.0,6.0,261.0,188.66666666666666
cn_CXCL11,0.0,0.0,0.0,299.0,6.0,261.0,188.66666666666666
cn_CCDC158,0.0,0.0,0.0,299.0,6.0,261.0,188.66666666666666
cn_CXCL13,0.0,0.0,0.0,299.0,6.0,261.0,188.66666666666666
cn_LRRC14B,0.0,0.0,0.0,299.0,6.0,261.0,188.66666666666666
cn_PLEKHG4B,0.0,0.0,0.0,299.0,6.0,261.0,188.66666666666666
cn_IRX4,0.0,0.0,0.0,299.0,6.0,261.0,188.66666666666666
cn_SPAG17,0.0,0.0,0.0,299.0,6.0,261.0,188.66666666666666
cn_HSD3B2,0.0,0.0,0.0,299.0,6.0,261.0,188.66666666666666
cn_HMGCS2,0.0,0.0,0.0,299.0,6.0,261.0,188.66666666666666
cn_FMO5,0.0,0.0,0.0,299.0,6.0,261.0,188.66666666666666
cn_PDZK1P1,0.0,0.0,0.0,299.0,6.0,261.0,188.66666666666666
cn_PDZK1,0.0,0.0,0.0,299.0,6.0,261.0,188.66666666666666
cn_CTNND2,0.0,0.0,0.0,299.0,6.0,261.0,188.66666666666666
cn_DNAH5,0.0,0.0,0.0,299.0,6.0,261.0,188.66666666666666
cn_MARCH11,0.0,0.0,0.0,299.0,6.0,261.0,188.66666666666666
cn_NPR3,0.0,0.0,0.0,299.0,6.0,261.0,188.66666666666666
cn_IL7R,0.0,0.0,0.0,299.0,6.0,261.0,188.66666666666666
cn_CAPSL,0.0,0.0,0.0,299.0,6.0,261.0,188.66666666666666
cn_UGT3A2,0.0,0.0,0.0,299.0,6.0,261.0,188.66666666666666
cn_RANBP3L,0.0,0.0,0.0,299.0,6.0,261.0,188.66666666666666
cn_FGF10,0.0,0.0,0.0,299.0,6.0,261.0,188.66666666666666
cn_GZMK,0.0,0.0,0.0,299.0,6.0,261.0,188.66666666666666
cn_IL8,0.0,0.0,0.0,299.0,6.0,261.0,188.66666666666666
cn_CXCL1,0.0,0.0,0.0,299.0,6.0,261.0,188.66666666666666
cn_CXCL5,0.0,0.0,0.0,299.0,6.0,261.0,188.66666666666666
cn_CXCL2,0.0,0.0,0.0,299.0,6.0,261.0,188.66666666666666
cn_EREG,0.0,0.0,0.0,299.0,6.0,261.0,188.66666666666666
cn_AREG,0.0,0.0,0.0,299.0,6.0,261.0,188.66666666666666
cn_F2RL2,0.0,0.0,0.0,299.0,6.0,261.0,188.66666666666666
cn_PDE8B,0.0,0.0,0.0,299.0,6.0,261.0,188.66666666666666
cn_THBS4,0.0,0.0,0.0,299.0,6.0,261.0,188.66666666666666
cn_CKMT2,0.0,0.0,0.0,299.0,6.0,261.0,188.66666666666666
cn_HAPLN1,0.0,0.0,0.0,299.0,6.0,261.0,188.66666666666666
cn_EDIL3,0.0,0.0,0.0,299.0,6.0,261.0,188.66666666666666
cn_GPR98,0.0,0.0,0.0,299.0,6.0,261.0,188.66666666666666
cn_FAM81B,0.0,0.0,0.0,299.0,6.0,261.0,188.66666666666666
cn_C5orf27,0.0,0.0,0.0,299.0,6.0,261.0,188.66666666666666
cn_PCSK1,0.0,0.0,0.0,299.0,6.0,261.0,188.66666666666666
cn_C5orf38,0.0,0.0,0.0,299.0,6.0,261.0,188.66666666666666
cn_IRX2,0.0,0.0,0.0,299.0,6.0,261.0,188.66666666666666
cn_IRX1,0.0,0.0,0.0,299.0,6.0,261.0,188.66666666666666
cn_ADAMTS16,0.0,0.0,0.0,299.0,6.0,261.0,188.66666666666666
cn_ADCY2,0.0,0.0,0.0,299.0,6.0,261.0,188.66666666666666
cn_ROPN1L,0.0,0.0,0.0,299.0,6.0,261.0,188.66666666666666
cn_CDO1,0.0,0.0,0.0,299.0,6.0,261.0,188.66666666666666
cn_AQPEP,0.0,0.0,0.0,299.0,6.0,261.0,188.66666666666666
cn_SLC27A6,0.0,0.0,0.0,299.0,6.0,261.0,188.66666666666666
cn_SHROOM1,0.0,0.0,0.0,299.0,6.0,261.0,188.66666666666666
cn_FSTL4,0.0,0.0,0.0,299.0,6.0,261.0,188.66666666666666
cn_PITX1,0.0,0.0,0.0,299.0,6.0,261.0,188.66666666666666
cn_C5orf20,0.0,0.0,0.0,299.0,6.0,261.0,188.66666666666666
cn_CXCL14,0.0,0.0,0.0,299.0,6.0,261.0,188.66666666666666
cn_PCDHA1,0.0,0.0,0.0,299.0,6.0,261.0,188.66666666666666
cn_PCDHA3,0.0,0.0,0.0,299.0,6.0,261.0,188.66666666666666
cn_PCDHA4,0.0,0.0,0.0,299.0,6.0,261.0,188.66666666666666
cn_CDC20B,0.0,0.0,0.0,299.0,6.0,261.0,188.66666666666666
cn_CCNO,0.0,0.0,0.0,299.0,6.0,261.0,188.66666666666666
cn_IL6ST,0.0,0.0,0.0,299.0,6.0,261.0,188.66666666666666
cn_GTF2H2B,0.0,0.0,0.0,299.0,6.0,261.0,188.66666666666666
cn_CARTPT,0.0,0.0,0.0,299.0,6.0,261.0,188.66666666666666
cn_PCDHA12,0.0,0.0,0.0,299.0,6.0,261.0,188.66666666666666
cn_PCDHA13,0.0,0.0,0.0,299.0,6.0,261.0,188.66666666666666
cn_IL17B,0.0,0.0,0.0,299.0,6.0,261.0,188.66666666666666
cn_GPX3,0.0,0.0,0.0,299.0,6.0,261.0,188.66666666666666
cn_FAT2,0.0,0.0,0.0,299.0,6.0,261.0,188.66666666666666
cn_GRIA1,0.0,0.0,0.0,299.0,6.0,261.0,188.66666666666666
cn_ITK,0.0,0.0,0.0,299.0,6.0,261.0,188.66666666666666
cn_FABP6,0.0,0.0,0.0,299.0,6.0,261.0,188.66666666666666
cn_ATP10B,0.0,0.0,0.0,299.0,6.0,261.0,188.66666666666666
cn_FBLL1,0.0,0.0,0.0,299.0,6.0,261.0,188.66666666666666
cn_FAM196B,0.0,0.0,0.0,299.0,6.0,261.0,188.66666666666666
cn_FOXI1,0.0,0.0,0.0,299.0,6.0,261.0,188.66666666666666
cn_ERAP2,0.0,0.0,0.0,299.0,6.0,261.0,188.66666666666666
cn_EFNA5,0.0,0.0,0.0,299.0,6.0,261.0,188.66666666666666
cn_TSLP,0.0,0.0,0.0,299.0,6.0,261.0,188.66666666666666
cn_TRIM36,0.0,0.0,0.0,299.0,6.0,261.0,188.66666666666666
cn_UNC5A,0.0,0.0,0.0,299.0,6.0,261.0,188.66666666666666
cn_FGFR4,0.0,0.0,0.0,299.0,6.0,261.0,188.66666666666666
rs_LBP,0.0,0.0,0.0,299.0,6.0,261.0,188.66666666666666
cn_SCGB3A1,0.0,0.0,0.0,299.0,6.0,261.0,188.66666666666666
cn_BTNL9,0.0,0.0,0.0,299.0,6.0,261.0,188.66666666666666
cn_IRF4,0.0,0.0,0.0,299.0,6.0,261.0,188.66666666666666
cn_FOXC1,0.0,0.0,0.0,299.0,6.0,261.0,188.66666666666666
cn_TUBB2B,0.0,0.0,0.0,299.0,6.0,261.0,188.66666666666666
cn_ELOVL2,0.0,0.0,0.0,299.0,6.0,261.0,188.66666666666666
cn_RNF182,0.0,0.0,0.0,299.0,6.0,261.0,188.66666666666666
cn_RBM24,0.0,0.0,0.0,299.0,6.0,261.0,188.66666666666666
cn_ID4,0.0,0.0,0.0,299.0,6.0,261.0,188.66666666666666
cn_PCDHA10,0.0,0.0,0.0,299.0,6.0,261.0,188.66666666666666
cn_PCDHA11,0.0,0.0,0.0,299.0,6.0,261.0,188.66666666666666
cn_PCDHA5,0.0,0.0,0.0,299.0,6.0,261.0,188.66666666666666
cn_PCDHA6,0.0,0.0,0.0,299.0,6.0,261.0,188.66666666666666
cn_GNMT,0.0,0.0,0.0,299.0,6.0,261.0,188.66666666666666
cn_DLK2,0.0,0.0,0.0,299.0,6.0,261.0,188.66666666666666
cn_C6orf223,0.0,0.0,0.0,299.0,6.0,261.0,188.66666666666666
cn_GSTA1,0.0,0.0,0.0,299.0,6.0,261.0,188.66666666666666
cn_HMGCLL1,0.0,0.0,0.0,299.0,6.0,261.0,188.66666666666666
cn_BMP5,0.0,0.0,0.0,299.0,6.0,261.0,188.66666666666666
cn_COL9A1,0.0,0.0,0.0,299.0,6.0,261.0,188.66666666666666
cn_RIMS1,0.0,0.0,0.0,299.0,6.0,261.0,188.66666666666666
cn_KCNQ5,0.0,0.0,0.0,299.0,6.0,261.0,188.66666666666666
cn_DDX43,0.0,0.0,0.0,299.0,6.0,261.0,188.66666666666666
cn_MRAP2,0.0,0.0,0.0,299.0,6.0,261.0,188.66666666666666
cn_CGA,0.0,0.0,0.0,299.0,6.0,261.0,188.66666666666666
cn_GABRP,0.0,0.0,0.0,299.0,6.0,261.0,188.66666666666666
cn_STC2,0.0,0.0,0.0,299.0,6.0,261.0,188.66666666666666
cn_MSX2,0.0,0.0,0.0,299.0,6.0,261.0,188.66666666666666
cn_CPLX2,0.0,0.0,0.0,299.0,6.0,261.0,188.66666666666666
cn_POPDC3,0.0,0.0,0.0,299.0,6.0,261.0,188.66666666666666
cn_WISP3,0.0,0.0,0.0,299.0,6.0,261.0,188.66666666666666
cn_COL10A1,0.0,0.0,0.0,299.0,6.0,261.0,188.66666666666666
cn_RFX6,0.0,0.0,0.0,299.0,6.0,261.0,188.66666666666666
cn_PKIB,0.0,0.0,0.0,299.0,6.0,261.0,188.66666666666666
cn_FABP7,0.0,0.0,0.0,299.0,6.0,261.0,188.66666666666666
cn_TRDN,0.0,0.0,0.0,299.0,6.0,261.0,188.66666666666666
cn_KIAA0408,0.0,0.0,0.0,299.0,6.0,261.0,188.66666666666666
cn_ENPP3,0.0,0.0,0.0,299.0,6.0,261.0,188.66666666666666
cn_EYA4,0.0,0.0,0.0,299.0,6.0,261.0,188.66666666666666
cn_MYB,0.0,0.0,0.0,299.0,6.0,261.0,188.66666666666666
cn_IL20RA,0.0,0.0,0.0,299.0,6.0,261.0,188.66666666666666
cn_DCDC2,0.0,0.0,0.0,299.0,6.0,261.0,188.66666666666666
cn_KIAA0319,0.0,0.0,0.0,299.0,6.0,261.0,188.66666666666666
cn_LRFN2,0.0,0.0,0.0,299.0,6.0,261.0,188.66666666666666
cn_PGC,0.0,0.0,0.0,299.0,6.0,261.0,188.66666666666666
cn_PPP1R14C,0.0,0.0,0.0,299.0,6.0,261.0,188.66666666666666
cn_IYD,0.0,0.0,0.0,299.0,6.0,261.0,188.66666666666666
cn_ESR1,0.0,0.0,0.0,299.0,6.0,261.0,188.66666666666666
cn_PNLDC1,0.0,0.0,0.0,299.0,6.0,261.0,188.66666666666666
cn_SLC22A3,0.0,0.0,0.0,299.0,6.0,261.0,188.66666666666666
cn_DACT2,0.0,0.0,0.0,299.0,6.0,261.0,188.66666666666666
cn_FRMD1,0.0,0.0,0.0,299.0,6.0,261.0,188.66666666666666
cn_AMZ1,0.0,0.0,0.0,299.0,6.0,261.0,188.66666666666666
cn_ITGB8,0.0,0.0,0.0,299.0,6.0,261.0,188.66666666666666
cn_ABCB5,0.0,0.0,0.0,299.0,6.0,261.0,188.66666666666666
cn_DNAH11,0.0,0.0,0.0,299.0,6.0,261.0,188.66666666666666
cn_MGAM,0.0,0.0,0.0,299.0,6.0,261.0,188.66666666666666
cn_CNR1,0.0,0.0,0.0,299.0,6.0,261.0,188.66666666666666
cn_EPHA7,0.0,0.0,0.0,299.0,6.0,261.0,188.66666666666666
cn_FUT9,0.0,0.0,0.0,299.0,6.0,261.0,188.66666666666666
cn_SIM1,0.0,0.0,0.0,299.0,6.0,261.0,188.66666666666666
cn_WDR86,0.0,0.0,0.0,299.0,6.0,261.0,188.66666666666666
cn_DPP6,0.0,0.0,0.0,299.0,6.0,261.0,188.66666666666666
cn_EN2,0.0,0.0,0.0,299.0,6.0,261.0,188.66666666666666
cn_MNX1,0.0,0.0,0.0,299.0,6.0,261.0,188.66666666666666
cn_PTPRN2,0.0,0.0,0.0,299.0,6.0,261.0,188.66666666666666
cn_VIPR2,0.0,0.0,0.0,299.0,6.0,261.0,188.66666666666666
cn_CSMD1,0.0,0.0,0.0,299.0,6.0,261.0,188.66666666666666
cn_DEFB1,0.0,0.0,0.0,299.0,6.0,261.0,188.66666666666666
cn_BLK,0.0,0.0,0.0,299.0,6.0,261.0,188.66666666666666
cn_GATA4,0.0,0.0,0.0,299.0,6.0,261.0,188.66666666666666
cn_SLC7A2,0.0,0.0,0.0,299.0,6.0,261.0,188.66666666666666
cn_NAT1,0.0,0.0,0.0,299.0,6.0,261.0,188.66666666666666
cn_IL22RA2,0.0,0.0,0.0,299.0,6.0,261.0,188.66666666666666
cn_GPR126,0.0,0.0,0.0,299.0,6.0,261.0,188.66666666666666
cn_SAMD5,0.0,0.0,0.0,299.0,6.0,261.0,188.66666666666666
cn_ULBP1,0.0,0.0,0.0,299.0,6.0,261.0,188.66666666666666
cn_EGR3,0.0,0.0,0.0,299.0,6.0,261.0,188.66666666666666
cn_PEBP4,0.0,0.0,0.0,299.0,6.0,261.0,188.66666666666666
cn_ADAMDEC1,0.0,0.0,0.0,299.0,6.0,261.0,188.66666666666666
cn_NEFL,0.0,0.0,0.0,299.0,6.0,261.0,188.66666666666666
cn_SCARA5,0.0,0.0,0.0,299.0,6.0,261.0,188.66666666666666
cn_ADAM32,0.0,0.0,0.0,299.0,6.0,261.0,188.66666666666666
cn_IDO1,0.0,0.0,0.0,299.0,6.0,261.0,188.66666666666666
cn_C8orf4,0.0,0.0,0.0,299.0,6.0,261.0,188.66666666666666
cn_ZMAT4,0.0,0.0,0.0,299.0,6.0,261.0,188.66666666666666
cn_SFRP1,0.0,0.0,0.0,299.0,6.0,261.0,188.66666666666666
cn_ANK1,0.0,0.0,0.0,299.0,6.0,261.0,188.66666666666666
cn_EFCAB1,0.0,0.0,0.0,299.0,6.0,261.0,188.66666666666666
cn_PRSS1,0.0,0.0,0.0,299.0,6.0,261.0,188.66666666666666
cn_PIP,0.0,0.0,0.0,299.0,6.0,261.0,188.66666666666666
cn_CNTNAP2,0.0,0.0,0.0,299.0,6.0,261.0,188.66666666666666
cn_KCNH2,0.0,0.0,0.0,299.0,6.0,261.0,188.66666666666666
cn_SDR16C5,0.0,0.0,0.0,299.0,6.0,261.0,188.66666666666666
cn_PENK,0.0,0.0,0.0,299.0,6.0,261.0,188.66666666666666
cn_CA8,0.0,0.0,0.0,299.0,6.0,261.0,188.66666666666666
cn_TRIM55,0.0,0.0,0.0,299.0,6.0,261.0,188.66666666666666
cn_C8orf46,0.0,0.0,0.0,299.0,6.0,261.0,188.66666666666666
cn_CPA6,0.0,0.0,0.0,299.0,6.0,261.0,188.66666666666666
cn_PREX2,0.0,0.0,0.0,299.0,6.0,261.0,188.66666666666666
cn_C8orf34,0.0,0.0,0.0,299.0,6.0,261.0,188.66666666666666
cn_XKR9,0.0,0.0,0.0,299.0,6.0,261.0,188.66666666666666
cn_EYA1,0.0,0.0,0.0,299.0,6.0,261.0,188.66666666666666
cn_TRPA1,0.0,0.0,0.0,299.0,6.0,261.0,188.66666666666666
cn_PI15,0.0,0.0,0.0,299.0,6.0,261.0,188.66666666666666
cn_CRISPLD1,0.0,0.0,0.0,299.0,6.0,261.0,188.66666666666666
cn_LPL,0.0,0.0,0.0,299.0,6.0,261.0,188.66666666666666
cn_NPM2,0.0,0.0,0.0,299.0,6.0,261.0,188.66666666666666
cn_HR,0.0,0.0,0.0,299.0,6.0,261.0,188.66666666666666
cn_CA3,0.0,0.0,0.0,299.0,6.0,261.0,188.66666666666666
cn_CA2,0.0,0.0,0.0,299.0,6.0,261.0,188.66666666666666
cn_ATP6V0D2,0.0,0.0,0.0,299.0,6.0,261.0,188.66666666666666
cn_MATN2,0.0,0.0,0.0,299.0,6.0,261.0,188.66666666666666
cn_C8orf47,0.0,0.0,0.0,299.0,6.0,261.0,188.66666666666666
cn_RGS22,0.0,0.0,0.0,299.0,6.0,261.0,188.66666666666666
cn_RIMS2,0.0,0.0,0.0,299.0,6.0,261.0,188.66666666666666
cn_PKHD1L1,0.0,0.0,0.0,299.0,6.0,261.0,188.66666666666666
cn_CSMD3,0.0,0.0,0.0,299.0,6.0,261.0,188.66666666666666
cn_SLC30A8,0.0,0.0,0.0,299.0,6.0,261.0,188.66666666666666
cn_TNFRSF11B,0.0,0.0,0.0,299.0,6.0,261.0,188.66666666666666
cn_COL14A1,0.0,0.0,0.0,299.0,6.0,261.0,188.66666666666666
cn_FAM83A,0.0,0.0,0.0,299.0,6.0,261.0,188.66666666666666
cn_PXDNL,0.0,0.0,0.0,299.0,6.0,261.0,188.66666666666666
cn_OPRK1,0.0,0.0,0.0,299.0,6.0,261.0,188.66666666666666
cn_RP1,0.0,0.0,0.0,299.0,6.0,261.0,188.66666666666666
cn_BAI1,0.0,0.0,0.0,299.0,6.0,261.0,188.66666666666666
cn_ARC,0.0,0.0,0.0,299.0,6.0,261.0,188.66666666666666
cn_PSCA,0.0,0.0,0.0,299.0,6.0,261.0,188.66666666666666
cn_LY6K,0.0,0.0,0.0,299.0,6.0,261.0,188.66666666666666
cn_SLURP1,0.0,0.0,0.0,299.0,6.0,261.0,188.66666666666666
cn_LY6D,0.0,0.0,0.0,299.0,6.0,261.0,188.66666666666666
cn_GPIHBP1,0.0,0.0,0.0,299.0,6.0,261.0,188.66666666666666
cn_MAPK15,0.0,0.0,0.0,299.0,6.0,261.0,188.66666666666666
cn_GPT,0.0,0.0,0.0,299.0,6.0,261.0,188.66666666666666
cn_SLC1A1,0.0,0.0,0.0,299.0,6.0,261.0,188.66666666666666
cn_RLN2,0.0,0.0,0.0,299.0,6.0,261.0,188.66666666666666
cn_IL33,0.0,0.0,0.0,299.0,6.0,261.0,188.66666666666666
cn_GLDC,0.0,0.0,0.0,299.0,6.0,261.0,188.66666666666666
cn_HNF4G,0.0,0.0,0.0,299.0,6.0,261.0,188.66666666666666
cn_PKIA,0.0,0.0,0.0,299.0,6.0,261.0,188.66666666666666
cn_FABP4,0.0,0.0,0.0,299.0,6.0,261.0,188.66666666666666
cn_SH3GL2,0.0,0.0,0.0,299.0,6.0,261.0,188.66666666666666
cn_SLC24A2,0.0,0.0,0.0,299.0,6.0,261.0,188.66666666666666
cn_DMRTA1,0.0,0.0,0.0,299.0,6.0,261.0,188.66666666666666
cn_ELAVL2,0.0,0.0,0.0,299.0,6.0,261.0,188.66666666666666
cn_TMEM215,0.0,0.0,0.0,299.0,6.0,261.0,188.66666666666666
cn_AQP7,0.0,0.0,0.0,299.0,6.0,261.0,188.66666666666666
cn_AQP3,0.0,0.0,0.0,299.0,6.0,261.0,188.66666666666666
cn_PRSS3,0.0,0.0,0.0,299.0,6.0,261.0,188.66666666666666
cn_DNAI1,0.0,0.0,0.0,299.0,6.0,261.0,188.66666666666666
cn_ENHO,0.0,0.0,0.0,299.0,6.0,261.0,188.66666666666666
cn_CNTFR,0.0,0.0,0.0,299.0,6.0,261.0,188.66666666666666
cn_CCL19,0.0,0.0,0.0,299.0,6.0,261.0,188.66666666666666
cn_CCL21,0.0,0.0,0.0,299.0,6.0,261.0,188.66666666666666
cn_GSDMC,0.0,0.0,0.0,299.0,6.0,261.0,188.66666666666666
cn_FAM135B,0.0,0.0,0.0,299.0,6.0,261.0,188.66666666666666
cn_COL22A1,0.0,0.0,0.0,299.0,6.0,261.0,188.66666666666666
cn_CA9,0.0,0.0,0.0,299.0,6.0,261.0,188.66666666666666
cn_HRCT1,0.0,0.0,0.0,299.0,6.0,261.0,188.66666666666666
cn_MELK,0.0,0.0,0.0,299.0,6.0,261.0,188.66666666666666
cn_PAX5,0.0,0.0,0.0,299.0,6.0,261.0,188.66666666666666
cn_CNTNAP3,0.0,0.0,0.0,299.0,6.0,261.0,188.66666666666666
cn_PGM5,0.0,0.0,0.0,299.0,6.0,261.0,188.66666666666666
cn_GPR144,0.0,0.0,0.0,299.0,6.0,261.0,188.66666666666666
cn_LCN2,0.0,0.0,0.0,299.0,6.0,261.0,188.66666666666666
cn_ENTPD8,0.0,0.0,0.0,299.0,6.0,261.0,188.66666666666666
cn_CACNA1B,0.0,0.0,0.0,299.0,6.0,261.0,188.66666666666666
cn_TUBBP5,0.0,0.0,0.0,299.0,6.0,261.0,188.66666666666666
cn_AKR1E2,0.0,0.0,0.0,299.0,6.0,261.0,188.66666666666666
cn_AKR1C1,0.0,0.0,0.0,299.0,6.0,261.0,188.66666666666666
cn_AKR1C2,0.0,0.0,0.0,299.0,6.0,261.0,188.66666666666666
cn_CALML5,0.0,0.0,0.0,299.0,6.0,261.0,188.66666666666666
cn_FREM1,0.0,0.0,0.0,299.0,6.0,261.0,188.66666666666666
cn_ITIH5,0.0,0.0,0.0,299.0,6.0,261.0,188.66666666666666
cn_ITIH2,0.0,0.0,0.0,299.0,6.0,261.0,188.66666666666666
cn_GATA3,0.0,0.0,0.0,299.0,6.0,261.0,188.66666666666666
cn_MCM10,0.0,0.0,0.0,299.0,6.0,261.0,188.66666666666666
cn_BEND7,0.0,0.0,0.0,299.0,6.0,261.0,188.66666666666666
cn_ITGA8,0.0,0.0,0.0,299.0,6.0,261.0,188.66666666666666
cn_ST8SIA6,0.0,0.0,0.0,299.0,6.0,261.0,188.66666666666666
cn_MRC1,0.0,0.0,0.0,299.0,6.0,261.0,188.66666666666666
cn_ARMC3,0.0,0.0,0.0,299.0,6.0,261.0,188.66666666666666
cn_C10orf107,0.0,0.0,0.0,299.0,6.0,261.0,188.66666666666666
cn_SYNPO2L,0.0,0.0,0.0,299.0,6.0,261.0,188.66666666666666
cn_DUSP13,0.0,0.0,0.0,299.0,6.0,261.0,188.66666666666666
cn_PLAC9,0.0,0.0,0.0,299.0,6.0,261.0,188.66666666666666
cn_SFTPA2,0.0,0.0,0.0,299.0,6.0,261.0,188.66666666666666
cn_MAT1A,0.0,0.0,0.0,299.0,6.0,261.0,188.66666666666666
cn_KIAA1045,0.0,0.0,0.0,299.0,6.0,261.0,188.66666666666666
cn_C10orf90,0.0,0.0,0.0,299.0,6.0,261.0,188.66666666666666
cn_FAM196A,0.0,0.0,0.0,299.0,6.0,261.0,188.66666666666666
cn_KNDC1,0.0,0.0,0.0,299.0,6.0,261.0,188.66666666666666
cn_SYCE1,0.0,0.0,0.0,299.0,6.0,261.0,188.66666666666666
cn_WT1,0.0,0.0,0.0,299.0,6.0,261.0,188.66666666666666
cn_ELF5,0.0,0.0,0.0,299.0,6.0,261.0,188.66666666666666
cn_EHF,0.0,0.0,0.0,299.0,6.0,261.0,188.66666666666666
cn_SLC1A2,0.0,0.0,0.0,299.0,6.0,261.0,188.66666666666666
cn_LRRC4C,0.0,0.0,0.0,299.0,6.0,261.0,188.66666666666666
cn_CTSW,0.0,0.0,0.0,299.0,6.0,261.0,188.66666666666666
cn_SPDYC,0.0,0.0,0.0,299.0,6.0,261.0,188.66666666666666
cn_ZNHIT2,0.0,0.0,0.0,299.0,6.0,261.0,188.66666666666666
cn_SYT12,0.0,0.0,0.0,299.0,6.0,261.0,188.66666666666666
cn_ACY3,0.0,0.0,0.0,299.0,6.0,261.0,188.66666666666666
cn_ALDH3B2,0.0,0.0,0.0,299.0,6.0,261.0,188.66666666666666
cn_CALML3,0.0,0.0,0.0,299.0,6.0,261.0,188.66666666666666
pp_YAP,0.0,0.0,0.0,299.0,6.0,261.0,188.66666666666666
cn_FOLR1,0.0,0.0,0.0,299.0,6.0,261.0,188.66666666666666
cn_PLEKHB1,0.0,0.0,0.0,299.0,6.0,261.0,188.66666666666666
cn_CHRDL2,0.0,0.0,0.0,299.0,6.0,261.0,188.66666666666666
cn_MOGAT2,0.0,0.0,0.0,299.0,6.0,261.0,188.66666666666666
cn_DGAT2,0.0,0.0,0.0,299.0,6.0,261.0,188.66666666666666
cn_WNT11,0.0,0.0,0.0,299.0,6.0,261.0,188.66666666666666
cn_KCTD14,0.0,0.0,0.0,299.0,6.0,261.0,188.66666666666666
cn_THRSP,0.0,0.0,0.0,299.0,6.0,261.0,188.66666666666666
cn_FAM181B,0.0,0.0,0.0,299.0,6.0,261.0,188.66666666666666
cn_PGR,0.0,0.0,0.0,299.0,6.0,261.0,188.66666666666666
cn_MMP7,0.0,0.0,0.0,299.0,6.0,261.0,188.66666666666666
cn_MMP10,0.0,0.0,0.0,299.0,6.0,261.0,188.66666666666666
cn_MMP1,0.0,0.0,0.0,299.0,6.0,261.0,188.66666666666666
cn_MMP3,0.0,0.0,0.0,299.0,6.0,261.0,188.66666666666666
cn_DYDC2,0.0,0.0,0.0,299.0,6.0,261.0,188.66666666666666
cn_MMP13,0.0,0.0,0.0,299.0,6.0,261.0,188.66666666666666
cn_GRIA4,0.0,0.0,0.0,299.0,6.0,261.0,188.66666666666666
cn_C11orf92,0.0,0.0,0.0,299.0,6.0,261.0,188.66666666666666
cn_POU2AF1,0.0,0.0,0.0,299.0,6.0,261.0,188.66666666666666
cn_CRYAB,0.0,0.0,0.0,299.0,6.0,261.0,188.66666666666666
cn_NCAM1,0.0,0.0,0.0,299.0,6.0,261.0,188.66666666666666
cn_DRD2,0.0,0.0,0.0,299.0,6.0,261.0,188.66666666666666
cn_ZBTB16,0.0,0.0,0.0,299.0,6.0,261.0,188.66666666666666
cn_DSCAML1,0.0,0.0,0.0,299.0,6.0,261.0,188.66666666666666
cn_TMPRSS4,0.0,0.0,0.0,299.0,6.0,261.0,188.66666666666666
cn_SCN2B,0.0,0.0,0.0,299.0,6.0,261.0,188.66666666666666
cn_CD3E,0.0,0.0,0.0,299.0,6.0,261.0,188.66666666666666
cn_CD3D,0.0,0.0,0.0,299.0,6.0,261.0,188.66666666666666
cn_CD3G,0.0,0.0,0.0,299.0,6.0,261.0,188.66666666666666
cn_TTC36,0.0,0.0,0.0,299.0,6.0,261.0,188.66666666666666
cn_GAL,0.0,0.0,0.0,299.0,6.0,261.0,188.66666666666666
cn_TRIM29,0.0,0.0,0.0,299.0,6.0,261.0,188.66666666666666
cn_GRIK4,0.0,0.0,0.0,299.0,6.0,261.0,188.66666666666666
cn_VSIG2,0.0,0.0,0.0,299.0,6.0,261.0,188.66666666666666
cn_HEPACAM,0.0,0.0,0.0,299.0,6.0,261.0,188.66666666666666
cn_HEPN1,0.0,0.0,0.0,299.0,6.0,261.0,188.66666666666666
cn_PKNOX2,0.0,0.0,0.0,299.0,6.0,261.0,188.66666666666666
cn_BARX2,0.0,0.0,0.0,299.0,6.0,261.0,188.66666666666666
cn_TMEM45B,0.0,0.0,0.0,299.0,6.0,261.0,188.66666666666666
cn_ADAMTS8,0.0,0.0,0.0,299.0,6.0,261.0,188.66666666666666
cn_ADAMTS15,0.0,0.0,0.0,299.0,6.0,261.0,188.66666666666666
cn_IGSF9B,0.0,0.0,0.0,299.0,6.0,261.0,188.66666666666666
cn_B3GAT1,0.0,0.0,0.0,299.0,6.0,261.0,188.66666666666666
cn_GLB1L2,0.0,0.0,0.0,299.0,6.0,261.0,188.66666666666666
cn_B4GALNT3,0.0,0.0,0.0,299.0,6.0,261.0,188.66666666666666
cn_LRTM2,0.0,0.0,0.0,299.0,6.0,261.0,188.66666666666666
cn_MMP12,0.0,0.0,0.0,299.0,6.0,261.0,188.66666666666666
cn_KCNA1,0.0,0.0,0.0,299.0,6.0,261.0,188.66666666666666
cn_NTF3,0.0,0.0,0.0,299.0,6.0,261.0,188.66666666666666
cn_SCNN1A,0.0,0.0,0.0,299.0,6.0,261.0,188.66666666666666
cn_CLEC4E,0.0,0.0,0.0,299.0,6.0,261.0,188.66666666666666
cn_A2ML1,0.0,0.0,0.0,299.0,6.0,261.0,188.66666666666666
cn_KLRB1,0.0,0.0,0.0,299.0,6.0,261.0,188.66666666666666
cn_BCL2L14,0.0,0.0,0.0,299.0,6.0,261.0,188.66666666666666
cn_MGP,0.0,0.0,0.0,299.0,6.0,261.0,188.66666666666666
cn_ERP27,0.0,0.0,0.0,299.0,6.0,261.0,188.66666666666666
cn_LMO3,0.0,0.0,0.0,299.0,6.0,261.0,188.66666666666666
cn_RERGL,0.0,0.0,0.0,299.0,6.0,261.0,188.66666666666666
cn_SLCO1A2,0.0,0.0,0.0,299.0,6.0,261.0,188.66666666666666
cn_C12orf39,0.0,0.0,0.0,299.0,6.0,261.0,188.66666666666666
cn_TUBA3C,0.0,0.0,0.0,299.0,6.0,261.0,188.66666666666666
cn_GJB6,0.0,0.0,0.0,299.0,6.0,261.0,188.66666666666666
cn_CXCR5,0.0,0.0,0.0,299.0,6.0,261.0,188.66666666666666
cn_FGF9,0.0,0.0,0.0,299.0,6.0,261.0,188.66666666666666
cn_SGCG,0.0,0.0,0.0,299.0,6.0,261.0,188.66666666666666
cn_ATP8A2,0.0,0.0,0.0,299.0,6.0,261.0,188.66666666666666
cn_SHISA2,0.0,0.0,0.0,299.0,6.0,261.0,188.66666666666666
cn_GPR12,0.0,0.0,0.0,299.0,6.0,261.0,188.66666666666666
cn_FLT3,0.0,0.0,0.0,299.0,6.0,261.0,188.66666666666666
cn_DCLK1,0.0,0.0,0.0,299.0,6.0,261.0,188.66666666666666
cn_FREM2,0.0,0.0,0.0,299.0,6.0,261.0,188.66666666666666
cn_PCDH20,0.0,0.0,0.0,299.0,6.0,261.0,188.66666666666666
cn_PCDH9,0.0,0.0,0.0,299.0,6.0,261.0,188.66666666666666
cn_KLHL1,0.0,0.0,0.0,299.0,6.0,261.0,188.66666666666666
cn_DACH1,0.0,0.0,0.0,299.0,6.0,261.0,188.66666666666666
cn_SCEL,0.0,0.0,0.0,299.0,6.0,261.0,188.66666666666666
cn_SLAIN1,0.0,0.0,0.0,299.0,6.0,261.0,188.66666666666666
cn_POU4F1,0.0,0.0,0.0,299.0,6.0,261.0,188.66666666666666
cn_SLITRK1,0.0,0.0,0.0,299.0,6.0,261.0,188.66666666666666
cn_C14orf180,0.0,0.0,0.0,299.0,6.0,261.0,188.66666666666666
cn_SLITRK6,0.0,0.0,0.0,299.0,6.0,261.0,188.66666666666666
cn_SLITRK5,0.0,0.0,0.0,299.0,6.0,261.0,188.66666666666666
cn_CLDN10,0.0,0.0,0.0,299.0,6.0,261.0,188.66666666666666
cn_HS6ST3,0.0,0.0,0.0,299.0,6.0,261.0,188.66666666666666
cn_OXGR1,0.0,0.0,0.0,299.0,6.0,261.0,188.66666666666666
cn_SLC15A1,0.0,0.0,0.0,299.0,6.0,261.0,188.66666666666666
cn_ZIC5,0.0,0.0,0.0,299.0,6.0,261.0,188.66666666666666
cn_ZIC2,0.0,0.0,0.0,299.0,6.0,261.0,188.66666666666666
cn_FAM155A,0.0,0.0,0.0,299.0,6.0,261.0,188.66666666666666
cn_F7,0.0,0.0,0.0,299.0,6.0,261.0,188.66666666666666
cn_NOVA1,0.0,0.0,0.0,299.0,6.0,261.0,188.66666666666666
cn_COCH,0.0,0.0,0.0,299.0,6.0,261.0,188.66666666666666
cn_PAX9,0.0,0.0,0.0,299.0,6.0,261.0,188.66666666666666
cn_FOXA1,0.0,0.0,0.0,299.0,6.0,261.0,188.66666666666666
cn_SSTR1,0.0,0.0,0.0,299.0,6.0,261.0,188.66666666666666
cn_RHCG,0.0,0.0,0.0,299.0,6.0,261.0,188.66666666666666
cn_ABHD12B,0.0,0.0,0.0,299.0,6.0,261.0,188.66666666666666
cn_PRIMA1,0.0,0.0,0.0,299.0,6.0,261.0,188.66666666666666
cn_IFI27,0.0,0.0,0.0,299.0,6.0,261.0,188.66666666666666
cn_PPP4R4,0.0,0.0,0.0,299.0,6.0,261.0,188.66666666666666
cn_SERPINA6,0.0,0.0,0.0,299.0,6.0,261.0,188.66666666666666
cn_SERPINA1,0.0,0.0,0.0,299.0,6.0,261.0,188.66666666666666
cn_SERPINA11,0.0,0.0,0.0,299.0,6.0,261.0,188.66666666666666
cn_SERPINA5,0.0,0.0,0.0,299.0,6.0,261.0,188.66666666666666
cn_SERPINA3,0.0,0.0,0.0,299.0,6.0,261.0,188.66666666666666
cn_TCL1B,0.0,0.0,0.0,299.0,6.0,261.0,188.66666666666666
cn_TCL1A,0.0,0.0,0.0,299.0,6.0,261.0,188.66666666666666
cn_DEGS2,0.0,0.0,0.0,299.0,6.0,261.0,188.66666666666666
cn_DLK1,0.0,0.0,0.0,299.0,6.0,261.0,188.66666666666666
cn_DIO3,0.0,0.0,0.0,299.0,6.0,261.0,188.66666666666666
cn_TDRD9,0.0,0.0,0.0,299.0,6.0,261.0,188.66666666666666
cn_MSLN,0.0,0.0,0.0,299.0,6.0,261.0,188.66666666666666
cn_PLD4,0.0,0.0,0.0,299.0,6.0,261.0,188.66666666666666
cn_CRIP1,0.0,0.0,0.0,299.0,6.0,261.0,188.66666666666666
cn_ADAM6,0.0,0.0,0.0,299.0,6.0,261.0,188.66666666666666
cn_KIAA0125,0.0,0.0,0.0,299.0,6.0,261.0,188.66666666666666
cn_THSD4,0.0,0.0,0.0,299.0,6.0,261.0,188.66666666666666
cn_GRAMD2,0.0,0.0,0.0,299.0,6.0,261.0,188.66666666666666
cn_C15orf59,0.0,0.0,0.0,299.0,6.0,261.0,188.66666666666666
cn_CRABP1,0.0,0.0,0.0,299.0,6.0,261.0,188.66666666666666
cn_RASGRF1,0.0,0.0,0.0,299.0,6.0,261.0,188.66666666666666
cn_KIAA1199,0.0,0.0,0.0,299.0,6.0,261.0,188.66666666666666
cn_TMC3,0.0,0.0,0.0,299.0,6.0,261.0,188.66666666666666
cn_AP3B2,0.0,0.0,0.0,299.0,6.0,261.0,188.66666666666666
cn_BNC1,0.0,0.0,0.0,299.0,6.0,261.0,188.66666666666666
cn_NTRK3,0.0,0.0,0.0,299.0,6.0,261.0,188.66666666666666
cn_ACAN,0.0,0.0,0.0,299.0,6.0,261.0,188.66666666666666
cn_CLDN6,0.0,0.0,0.0,299.0,6.0,261.0,188.66666666666666
cn_PLIN1,0.0,0.0,0.0,299.0,6.0,261.0,188.66666666666666
cn_MESP1,0.0,0.0,0.0,299.0,6.0,261.0,188.66666666666666
cn_ANPEP,0.0,0.0,0.0,299.0,6.0,261.0,188.66666666666666
cn_ST8SIA2,0.0,0.0,0.0,299.0,6.0,261.0,188.66666666666666
cn_RGMA,0.0,0.0,0.0,299.0,6.0,261.0,188.66666666666666
cn_SYNM,0.0,0.0,0.0,299.0,6.0,261.0,188.66666666666666
cn_ARHGDIG,0.0,0.0,0.0,299.0,6.0,261.0,188.66666666666666
cn_HBA1,0.0,0.0,0.0,299.0,6.0,261.0,188.66666666666666
cn_HBA2,0.0,0.0,0.0,299.0,6.0,261.0,188.66666666666666
cn_RGS11,0.0,0.0,0.0,299.0,6.0,261.0,188.66666666666666
cn_FBXL16,0.0,0.0,0.0,299.0,6.0,261.0,188.66666666666666
cn_METRN,0.0,0.0,0.0,299.0,6.0,261.0,188.66666666666666
cn_CCDC78,0.0,0.0,0.0,299.0,6.0,261.0,188.66666666666666
cn_HAGHL,0.0,0.0,0.0,299.0,6.0,261.0,188.66666666666666
cn_GNG13,0.0,0.0,0.0,299.0,6.0,261.0,188.66666666666666
cn_CRYM,0.0,0.0,0.0,299.0,6.0,261.0,188.66666666666666
cn_SOX8,0.0,0.0,0.0,299.0,6.0,261.0,188.66666666666666
cn_CACNA1H,0.0,0.0,0.0,299.0,6.0,261.0,188.66666666666666
cn_TPSAB1,0.0,0.0,0.0,299.0,6.0,261.0,188.66666666666666
cn_TPSB2,0.0,0.0,0.0,299.0,6.0,261.0,188.66666666666666
cn_TPSD1,0.0,0.0,0.0,299.0,6.0,261.0,188.66666666666666
cn_TPSG1,0.0,0.0,0.0,299.0,6.0,261.0,188.66666666666666
cn_BAIAP3,0.0,0.0,0.0,299.0,6.0,261.0,188.66666666666666
cn_IGFALS,0.0,0.0,0.0,299.0,6.0,261.0,188.66666666666666
cn_NPW,0.0,0.0,0.0,299.0,6.0,261.0,188.66666666666666
cn_RAB26,0.0,0.0,0.0,299.0,6.0,261.0,188.66666666666666
cn_PRSS33,0.0,0.0,0.0,299.0,6.0,261.0,188.66666666666666
cn_PRSS21,0.0,0.0,0.0,299.0,6.0,261.0,188.66666666666666
cn_ZG16B,0.0,0.0,0.0,299.0,6.0,261.0,188.66666666666666
cn_KREMEN2,0.0,0.0,0.0,299.0,6.0,261.0,188.66666666666666
cn_PKMYT1,0.0,0.0,0.0,299.0,6.0,261.0,188.66666666666666
cn_CES1,0.0,0.0,0.0,299.0,6.0,261.0,188.66666666666666
cn_C16orf89,0.0,0.0,0.0,299.0,6.0,261.0,188.66666666666666
cn_ABAT,0.0,0.0,0.0,299.0,6.0,261.0,188.66666666666666
cn_GRIN2A,0.0,0.0,0.0,299.0,6.0,261.0,188.66666666666666
cn_TNFRSF17,0.0,0.0,0.0,299.0,6.0,261.0,188.66666666666666
cn_SHISA9,0.0,0.0,0.0,299.0,6.0,261.0,188.66666666666666
cn_ABCC6,0.0,0.0,0.0,299.0,6.0,261.0,188.66666666666666
cn_MPV17L,0.0,0.0,0.0,299.0,6.0,261.0,188.66666666666666
cn_MYH11,0.0,0.0,0.0,299.0,6.0,261.0,188.66666666666666
cn_PLA2G10,0.0,0.0,0.0,299.0,6.0,261.0,188.66666666666666
cn_SYT17,0.0,0.0,0.0,299.0,6.0,261.0,188.66666666666666
cn_TMC5,0.0,0.0,0.0,299.0,6.0,261.0,188.66666666666666
cn_GP2,0.0,0.0,0.0,299.0,6.0,261.0,188.66666666666666
cn_ACSM5,0.0,0.0,0.0,299.0,6.0,261.0,188.66666666666666
cn_ACSM1,0.0,0.0,0.0,299.0,6.0,261.0,188.66666666666666
cn_DNAH3,0.0,0.0,0.0,299.0,6.0,261.0,188.66666666666666
cn_SYCE1L,0.0,0.0,0.0,299.0,6.0,261.0,188.66666666666666
cn_SCNN1G,0.0,0.0,0.0,299.0,6.0,261.0,188.66666666666666
cn_SCNN1B,0.0,0.0,0.0,299.0,6.0,261.0,188.66666666666666
cn_HS3ST4,0.0,0.0,0.0,299.0,6.0,261.0,188.66666666666666
cn_CD19,0.0,0.0,0.0,299.0,6.0,261.0,188.66666666666666
cn_ASPHD1,0.0,0.0,0.0,299.0,6.0,261.0,188.66666666666666
cn_DOC2A,0.0,0.0,0.0,299.0,6.0,261.0,188.66666666666666
cn_FAM57B,0.0,0.0,0.0,299.0,6.0,261.0,188.66666666666666
cn_SEZ6L2,0.0,0.0,0.0,299.0,6.0,261.0,188.66666666666666
cn_PYDC1,0.0,0.0,0.0,299.0,6.0,261.0,188.66666666666666
cn_ABCC12,0.0,0.0,0.0,299.0,6.0,261.0,188.66666666666666
cn_ABCC11,0.0,0.0,0.0,299.0,6.0,261.0,188.66666666666666
cn_CBLN1,0.0,0.0,0.0,299.0,6.0,261.0,188.66666666666666
cn_TOX3,0.0,0.0,0.0,299.0,6.0,261.0,188.66666666666666
cn_IRX6,0.0,0.0,0.0,299.0,6.0,261.0,188.66666666666666
cn_SLC6A2,0.0,0.0,0.0,299.0,6.0,261.0,188.66666666666666
cn_CCL11,0.0,0.0,0.0,299.0,6.0,261.0,188.66666666666666
cn_MT1M,0.0,0.0,0.0,299.0,6.0,261.0,188.66666666666666
cn_MT1A,0.0,0.0,0.0,299.0,6.0,261.0,188.66666666666666
cn_MT1G,0.0,0.0,0.0,299.0,6.0,261.0,188.66666666666666
cn_CCL17,0.0,0.0,0.0,299.0,6.0,261.0,188.66666666666666
vital.status,0.0,0.0,0.0,299.0,6.0,261.0,188.66666666666666
cn_CES3,0.0,0.0,0.0,299.0,6.0,261.0,188.66666666666666
cn_RLTPR,0.0,0.0,0.0,299.0,6.0,261.0,188.66666666666666
cn_CDH3,0.0,0.0,0.0,299.0,6.0,261.0,188.66666666666666
cn_CDH1,0.0,0.0,0.0,299.0,6.0,261.0,188.66666666666666
cn_HAS3,0.0,0.0,0.0,299.0,6.0,261.0,188.66666666666666
cn_IL34,0.0,0.0,0.0,299.0,6.0,261.0,188.66666666666666
cn_CALB2,0.0,0.0,0.0,299.0,6.0,261.0,188.66666666666666
cn_CHST4,0.0,0.0,0.0,299.0,6.0,261.0,188.66666666666666
cn_TAT,0.0,0.0,0.0,299.0,6.0,261.0,188.66666666666666
cn_HP,0.0,0.0,0.0,299.0,6.0,261.0,188.66666666666666
cn_KRT23,0.0,0.0,0.0,299.0,6.0,261.0,188.66666666666666
cn_ADAMTS18,0.0,0.0,0.0,299.0,6.0,261.0,188.66666666666666
cn_CLEC3A,0.0,0.0,0.0,299.0,6.0,261.0,188.66666666666666
cn_PKD1L2,0.0,0.0,0.0,299.0,6.0,261.0,188.66666666666666
cn_SDR42E1,0.0,0.0,0.0,299.0,6.0,261.0,188.66666666666666
cn_HSD17B2,0.0,0.0,0.0,299.0,6.0,261.0,188.66666666666666
cn_CPNE7,0.0,0.0,0.0,299.0,6.0,261.0,188.66666666666666
cn_DPEP1,0.0,0.0,0.0,299.0,6.0,261.0,188.66666666666666
cn_TUBB3,0.0,0.0,0.0,299.0,6.0,261.0,188.66666666666666
cn_CCDC144B,0.0,0.0,0.0,299.0,6.0,261.0,188.66666666666666
cn_MFAP4,0.0,0.0,0.0,299.0,6.0,261.0,188.66666666666666
cn_ALDH3A1,0.0,0.0,0.0,299.0,6.0,261.0,188.66666666666666
cn_SLC13A2,0.0,0.0,0.0,299.0,6.0,261.0,188.66666666666666
cn_CORO6,0.0,0.0,0.0,299.0,6.0,261.0,188.66666666666666
cn_SLC6A4,0.0,0.0,0.0,299.0,6.0,261.0,188.66666666666666
cn_RHBDL3,0.0,0.0,0.0,299.0,6.0,261.0,188.66666666666666
cn_GFAP,0.0,0.0,0.0,299.0,6.0,261.0,188.66666666666666
cn_KIF18B,0.0,0.0,0.0,299.0,6.0,261.0,188.66666666666666
cn_CCL13,0.0,0.0,0.0,299.0,6.0,261.0,188.66666666666666
cn_CCL7,0.0,0.0,0.0,299.0,6.0,261.0,188.66666666666666
cn_CCL8,0.0,0.0,0.0,299.0,6.0,261.0,188.66666666666666
cn_GAS2L2,0.0,0.0,0.0,299.0,6.0,261.0,188.66666666666666
cn_CCL18,0.0,0.0,0.0,299.0,6.0,261.0,188.66666666666666
cn_TBC1D3C,0.0,0.0,0.0,299.0,6.0,261.0,188.66666666666666
cn_TBC1D3G,0.0,0.0,0.0,299.0,6.0,261.0,188.66666666666666
cn_STAC2,0.0,0.0,0.0,299.0,6.0,261.0,188.66666666666666
cn_PPP1R1B,0.0,0.0,0.0,299.0,6.0,261.0,188.66666666666666
cn_PNMT,0.0,0.0,0.0,299.0,6.0,261.0,188.66666666666666
cn_IKZF3,0.0,0.0,0.0,299.0,6.0,261.0,188.66666666666666
cn_TOP2A,0.0,0.0,0.0,299.0,6.0,261.0,188.66666666666666
cn_TNS4,0.0,0.0,0.0,299.0,6.0,261.0,188.66666666666666
cn_CCR7,0.0,0.0,0.0,299.0,6.0,261.0,188.66666666666666
cn_PRR11,0.0,0.0,0.0,299.0,6.0,261.0,188.66666666666666
cn_CA4,0.0,0.0,0.0,299.0,6.0,261.0,188.66666666666666
cn_KRT31,0.0,0.0,0.0,299.0,6.0,261.0,188.66666666666666
cn_KRT13,0.0,0.0,0.0,299.0,6.0,261.0,188.66666666666666
cn_KRT15,0.0,0.0,0.0,299.0,6.0,261.0,188.66666666666666
cn_KRT14,0.0,0.0,0.0,299.0,6.0,261.0,188.66666666666666
cn_KRT16,0.0,0.0,0.0,299.0,6.0,261.0,188.66666666666666
cn_KRT17,0.0,0.0,0.0,299.0,6.0,261.0,188.66666666666666
cn_HAP1,0.0,0.0,0.0,299.0,6.0,261.0,188.66666666666666
cn_WNK4,0.0,0.0,0.0,299.0,6.0,261.0,188.66666666666666
cn_RND2,0.0,0.0,0.0,299.0,6.0,261.0,188.66666666666666
cn_ETV4,0.0,0.0,0.0,299.0,6.0,261.0,188.66666666666666
cn_MEOX1,0.0,0.0,0.0,299.0,6.0,261.0,188.66666666666666
cn_CD300LG,0.0,0.0,0.0,299.0,6.0,261.0,188.66666666666666
cn_PYY,0.0,0.0,0.0,299.0,6.0,261.0,188.66666666666666
cn_RUNDC3A,0.0,0.0,0.0,299.0,6.0,261.0,188.66666666666666
cn_FOXJ1,0.0,0.0,0.0,299.0,6.0,261.0,188.66666666666666
cn_ST6GALNAC1,0.0,0.0,0.0,299.0,6.0,261.0,188.66666666666666
cn_CRHR1,0.0,0.0,0.0,299.0,6.0,261.0,188.66666666666666
cn_MAPT,0.0,0.0,0.0,299.0,6.0,261.0,188.66666666666666
cn_HOXB2,0.0,0.0,0.0,299.0,6.0,261.0,188.66666666666666
cn_HOXB5,0.0,0.0,0.0,299.0,6.0,261.0,188.66666666666666
cn_HOXB6,0.0,0.0,0.0,299.0,6.0,261.0,188.66666666666666
cn_HOXB13,0.0,0.0,0.0,299.0,6.0,261.0,188.66666666666666
cn_B4GALNT2,0.0,0.0,0.0,299.0,6.0,261.0,188.66666666666666
cn_NGFR,0.0,0.0,0.0,299.0,6.0,261.0,188.66666666666666
cn_DLX3,0.0,0.0,0.0,299.0,6.0,261.0,188.66666666666666
cn_CHAD,0.0,0.0,0.0,299.0,6.0,261.0,188.66666666666666
cn_HLF,0.0,0.0,0.0,299.0,6.0,261.0,188.66666666666666
cn_TMEM100,0.0,0.0,0.0,299.0,6.0,261.0,188.66666666666666
cn_TEX14,0.0,0.0,0.0,299.0,6.0,261.0,188.66666666666666
cn_PPM1E,0.0,0.0,0.0,299.0,6.0,261.0,188.66666666666666
cn_LAMA3,0.0,0.0,0.0,299.0,6.0,261.0,188.66666666666666
cn_AQP4,0.0,0.0,0.0,299.0,6.0,261.0,188.66666666666666
cn_TCAM1P,0.0,0.0,0.0,299.0,6.0,261.0,188.66666666666666
cn_SCN4A,0.0,0.0,0.0,299.0,6.0,261.0,188.66666666666666
cn_RGS9,0.0,0.0,0.0,299.0,6.0,261.0,188.66666666666666
cn_CACNG4,0.0,0.0,0.0,299.0,6.0,261.0,188.66666666666666
cn_CACNG1,0.0,0.0,0.0,299.0,6.0,261.0,188.66666666666666
cn_SLC16A6,0.0,0.0,0.0,299.0,6.0,261.0,188.66666666666666
cn_ABCA8,0.0,0.0,0.0,299.0,6.0,261.0,188.66666666666666
cn_ABCA9,0.0,0.0,0.0,299.0,6.0,261.0,188.66666666666666
cn_ABCA6,0.0,0.0,0.0,299.0,6.0,261.0,188.66666666666666
cn_ABCA10,0.0,0.0,0.0,299.0,6.0,261.0,188.66666666666666
cn_KCNJ16,0.0,0.0,0.0,299.0,6.0,261.0,188.66666666666666
cn_SSTR2,0.0,0.0,0.0,299.0,6.0,261.0,188.66666666666666
cn_SDK2,0.0,0.0,0.0,299.0,6.0,261.0,188.66666666666666
cn_KIF19,0.0,0.0,0.0,299.0,6.0,261.0,188.66666666666666
cn_SERPINB5,0.0,0.0,0.0,299.0,6.0,261.0,188.66666666666666
cn_SERPINB3,0.0,0.0,0.0,299.0,6.0,261.0,188.66666666666666
cn_MGAT5B,0.0,0.0,0.0,299.0,6.0,261.0,188.66666666666666
cn_BIRC5,0.0,0.0,0.0,299.0,6.0,261.0,188.66666666666666
cn_CBX2,0.0,0.0,0.0,299.0,6.0,261.0,188.66666666666666
cn_NPTX1,0.0,0.0,0.0,299.0,6.0,261.0,188.66666666666666
cn_NOTUM,0.0,0.0,0.0,299.0,6.0,261.0,188.66666666666666
cn_CLUL1,0.0,0.0,0.0,299.0,6.0,261.0,188.66666666666666
cn_ADCYAP1,0.0,0.0,0.0,299.0,6.0,261.0,188.66666666666666
cn_MYOM1,0.0,0.0,0.0,299.0,6.0,261.0,188.66666666666666
cn_DLGAP1,0.0,0.0,0.0,299.0,6.0,261.0,188.66666666666666
cn_LAMA1,0.0,0.0,0.0,299.0,6.0,261.0,188.66666666666666
cn_CIDEA,0.0,0.0,0.0,299.0,6.0,261.0,188.66666666666666
cn_CXADRP3,0.0,0.0,0.0,299.0,6.0,261.0,188.66666666666666
cn_ANKRD30B,0.0,0.0,0.0,299.0,6.0,261.0,188.66666666666666
cn_GREB1L,0.0,0.0,0.0,299.0,6.0,261.0,188.66666666666666
rs_GSTA1,0.0,0.0,0.0,299.0,6.0,261.0,188.66666666666666
rs_TF,0.0,0.0,0.0,299.0,6.0,261.0,188.66666666666666
cn_CHST9,0.0,0.0,0.0,299.0,6.0,261.0,188.66666666666666
cn_CDH2,0.0,0.0,0.0,299.0,6.0,261.0,188.66666666666666
cn_DSC3,0.0,0.0,0.0,299.0,6.0,261.0,188.66666666666666
cn_DSC1,0.0,0.0,0.0,299.0,6.0,261.0,188.66666666666666
cn_DSG1,0.0,0.0,0.0,299.0,6.0,261.0,188.66666666666666
cn_DSG3,0.0,0.0,0.0,299.0,6.0,261.0,188.66666666666666
cn_NOL4,0.0,0.0,0.0,299.0,6.0,261.0,188.66666666666666
cn_SLC39A6,0.0,0.0,0.0,299.0,6.0,261.0,188.66666666666666
cn_SLC14A2,0.0,0.0,0.0,299.0,6.0,261.0,188.66666666666666
cn_SIGLEC15,0.0,0.0,0.0,299.0,6.0,261.0,188.66666666666666
cn_MAPK4,0.0,0.0,0.0,299.0,6.0,261.0,188.66666666666666
cn_CCDC68,0.0,0.0,0.0,299.0,6.0,261.0,188.66666666666666
cn_ONECUT2,0.0,0.0,0.0,299.0,6.0,261.0,188.66666666666666
cn_GRP,0.0,0.0,0.0,299.0,6.0,261.0,188.66666666666666
pp_p16.INK4a,0.0,0.0,0.0,299.0,6.0,261.0,188.66666666666666
cn_ZFR2,0.0,0.0,0.0,299.0,6.0,261.0,188.66666666666666
cn_PLIN4,0.0,0.0,0.0,299.0,6.0,261.0,188.66666666666666
rs_ANKRD30B,0.0,0.0,0.0,299.0,6.0,261.0,188.66666666666666
rs_PLA2G2A,0.0,0.0,0.0,299.0,6.0,261.0,188.66666666666666
rs_GLRA3,0.0,0.0,0.0,299.0,6.0,261.0,188.66666666666666
rs_SAA2,0.0,0.0,0.0,299.0,6.0,261.0,188.66666666666666
rs_CHAD,0.0,0.0,0.0,299.0,6.0,261.0,188.66666666666666
rs_ASCL1,0.0,0.0,0.0,299.0,6.0,261.0,188.66666666666666
rs_PTPRZ1,0.0,0.0,0.0,299.0,6.0,261.0,188.66666666666666
rs_PEG10,0.0,0.0,0.0,299.0,6.0,261.0,188.66666666666666
rs_MS4A15,0.0,0.0,0.0,299.0,6.0,261.0,188.66666666666666
rs_PPAN-P2RY11,0.0,0.0,0.0,299.0,6.0,261.0,188.66666666666666
rs_SORCS1,0.0,0.0,0.0,299.0,6.0,261.0,188.66666666666666
rs_NKAIN1,0.0,0.0,0.0,299.0,6.0,261.0,188.66666666666666
rs_SLC44A4,0.0,0.0,0.0,299.0,6.0,261.0,188.66666666666666
cn_SLC1A6,0.0,0.0,0.0,299.0,6.0,261.0,188.66666666666666
cn_CASP14,0.0,0.0,0.0,299.0,6.0,261.0,188.66666666666666
cn_PGLYRP2,0.0,0.0,0.0,299.0,6.0,261.0,188.66666666666666
cn_CYP4F22,0.0,0.0,0.0,299.0,6.0,261.0,188.66666666666666
cn_SERPINB7,0.0,0.0,0.0,299.0,6.0,261.0,188.66666666666666
cn_SERPINB2,0.0,0.0,0.0,299.0,6.0,261.0,188.66666666666666
cn_CDH7,0.0,0.0,0.0,299.0,6.0,261.0,188.66666666666666
cn_CDH19,0.0,0.0,0.0,299.0,6.0,261.0,188.66666666666666
cn_CBLN2,0.0,0.0,0.0,299.0,6.0,261.0,188.66666666666666
cn_NETO1,0.0,0.0,0.0,299.0,6.0,261.0,188.66666666666666
cn_GZMM,0.0,0.0,0.0,299.0,6.0,261.0,188.66666666666666
cn_HCN2,0.0,0.0,0.0,299.0,6.0,261.0,188.66666666666666
cn_AZU1,0.0,0.0,0.0,299.0,6.0,261.0,188.66666666666666
cn_LPPR3,0.0,0.0,0.0,299.0,6.0,261.0,188.66666666666666
cn_CFD,0.0,0.0,0.0,299.0,6.0,261.0,188.66666666666666
cn_KISS1R,0.0,0.0,0.0,299.0,6.0,261.0,188.66666666666666
cn_FXYD1,0.0,0.0,0.0,299.0,6.0,261.0,188.66666666666666
cn_MAG,0.0,0.0,0.0,299.0,6.0,261.0,188.66666666666666
cn_FFAR2,0.0,0.0,0.0,299.0,6.0,261.0,188.66666666666666
cn_DMKN,0.0,0.0,0.0,299.0,6.0,261.0,188.66666666666666
cn_PLIN5,0.0,0.0,0.0,299.0,6.0,261.0,188.66666666666666
cn_FUT3,0.0,0.0,0.0,299.0,6.0,261.0,188.66666666666666
cn_FUT6,0.0,0.0,0.0,299.0,6.0,261.0,188.66666666666666
cn_CAPS,0.0,0.0,0.0,299.0,6.0,261.0,188.66666666666666
cn_PCP2,0.0,0.0,0.0,299.0,6.0,261.0,188.66666666666666
cn_FCER2,0.0,0.0,0.0,299.0,6.0,261.0,188.66666666666666
cn_FBN3,0.0,0.0,0.0,299.0,6.0,261.0,188.66666666666666
pp_p27.pT157,0.0,0.0,0.0,299.0,6.0,261.0,188.66666666666666
cn_P2RY11,0.0,0.0,0.0,299.0,6.0,261.0,188.66666666666666
cn_ICAM5,0.0,0.0,0.0,299.0,6.0,261.0,188.66666666666666
cn_MAST1,0.0,0.0,0.0,299.0,6.0,261.0,188.66666666666666
cn_PALM3,0.0,0.0,0.0,299.0,6.0,261.0,188.66666666666666
cn_CNTD2,0.0,0.0,0.0,299.0,6.0,261.0,188.66666666666666
cn_MIA,0.0,0.0,0.0,299.0,6.0,261.0,188.66666666666666
cn_CYP2A6,0.0,0.0,0.0,299.0,6.0,261.0,188.66666666666666
cn_CYP2A7,0.0,0.0,0.0,299.0,6.0,261.0,188.66666666666666
cn_CYP4F8,0.0,0.0,0.0,299.0,6.0,261.0,188.66666666666666
cn_CYP4F3,0.0,0.0,0.0,299.0,6.0,261.0,188.66666666666666
cn_CYP4F12,0.0,0.0,0.0,299.0,6.0,261.0,188.66666666666666
cn_UCA1,0.0,0.0,0.0,299.0,6.0,261.0,188.66666666666666
cn_CYP4F11,0.0,0.0,0.0,299.0,6.0,261.0,188.66666666666666
cn_NWD1,0.0,0.0,0.0,299.0,6.0,261.0,188.66666666666666
pp_p27.pT198,0.0,0.0,0.0,299.0,6.0,261.0,188.66666666666666
cn_B3GNT3,0.0,0.0,0.0,299.0,6.0,261.0,188.66666666666666
cn_TDRD12,0.0,0.0,0.0,299.0,6.0,261.0,188.66666666666666
cn_SLC7A10,0.0,0.0,0.0,299.0,6.0,261.0,188.66666666666666
cn_CHST8,0.0,0.0,0.0,299.0,6.0,261.0,188.66666666666666
cn_HPN,0.0,0.0,0.0,299.0,6.0,261.0,188.66666666666666
cn_KLK6,0.0,0.0,0.0,299.0,6.0,261.0,188.66666666666666
cn_KLK7,0.0,0.0,0.0,299.0,6.0,261.0,188.66666666666666
cn_KLK8,0.0,0.0,0.0,299.0,6.0,261.0,188.66666666666666
cn_KLK10,0.0,0.0,0.0,299.0,6.0,261.0,188.66666666666666
cn_SBSN,0.0,0.0,0.0,299.0,6.0,261.0,188.66666666666666
cn_UPK1A,0.0,0.0,0.0,299.0,6.0,261.0,188.66666666666666
cn_HSPB6,0.0,0.0,0.0,299.0,6.0,261.0,188.66666666666666
cn_APLP1,0.0,0.0,0.0,299.0,6.0,261.0,188.66666666666666
cn_PPP1R14A,0.0,0.0,0.0,299.0,6.0,261.0,188.66666666666666
cn_C19orf33,0.0,0.0,0.0,299.0,6.0,261.0,188.66666666666666
cn_RYR1,0.0,0.0,0.0,299.0,6.0,261.0,188.66666666666666
cn_LGALS7,0.0,0.0,0.0,299.0,6.0,261.0,188.66666666666666
cn_LGALS7B,0.0,0.0,0.0,299.0,6.0,261.0,188.66666666666666
cn_NCCRP1,0.0,0.0,0.0,299.0,6.0,261.0,188.66666666666666
cn_DLL3,0.0,0.0,0.0,299.0,6.0,261.0,188.66666666666666
cn_FCGBP,0.0,0.0,0.0,299.0,6.0,261.0,188.66666666666666
cn_PEG3,0.0,0.0,0.0,299.0,6.0,261.0,188.66666666666666
cn_ZSCAN1,0.0,0.0,0.0,299.0,6.0,261.0,188.66666666666666
cn_DEFB132,0.0,0.0,0.0,299.0,6.0,261.0,188.66666666666666
cn_RSPO4,0.0,0.0,0.0,299.0,6.0,261.0,188.66666666666666
cn_CYP2B7P1,0.0,0.0,0.0,299.0,6.0,261.0,188.66666666666666
cn_CEACAM7,0.0,0.0,0.0,299.0,6.0,261.0,188.66666666666666
cn_CEACAM5,0.0,0.0,0.0,299.0,6.0,261.0,188.66666666666666
cn_CEACAM6,0.0,0.0,0.0,299.0,6.0,261.0,188.66666666666666
cn_CD79A,0.0,0.0,0.0,299.0,6.0,261.0,188.66666666666666
cn_ATP1A3,0.0,0.0,0.0,299.0,6.0,261.0,188.66666666666666
cn_KCNN4,0.0,0.0,0.0,299.0,6.0,261.0,188.66666666666666
cn_CBLC,0.0,0.0,0.0,299.0,6.0,261.0,188.66666666666666
cn_FOSB,0.0,0.0,0.0,299.0,6.0,261.0,188.66666666666666
cn_FOXA3,0.0,0.0,0.0,299.0,6.0,261.0,188.66666666666666
cn_KCNC3,0.0,0.0,0.0,299.0,6.0,261.0,188.66666666666666
cn_SPIB,0.0,0.0,0.0,299.0,6.0,261.0,188.66666666666666
cn_CYP24A1,0.0,0.0,0.0,299.0,6.0,261.0,188.66666666666666
cn_BMP7,0.0,0.0,0.0,299.0,6.0,261.0,188.66666666666666
cn_PCK1,0.0,0.0,0.0,299.0,6.0,261.0,188.66666666666666
cn_KLK11,0.0,0.0,0.0,299.0,6.0,261.0,188.66666666666666
cn_KLK12,0.0,0.0,0.0,299.0,6.0,261.0,188.66666666666666
cn_KLK13,0.0,0.0,0.0,299.0,6.0,261.0,188.66666666666666
cn_KLK14,0.0,0.0,0.0,299.0,6.0,261.0,188.66666666666666
cn_HAS1,0.0,0.0,0.0,299.0,6.0,261.0,188.66666666666666
cn_NLRP7,0.0,0.0,0.0,299.0,6.0,261.0,188.66666666666666
cn_NLRP2,0.0,0.0,0.0,299.0,6.0,261.0,188.66666666666666
cn_TNNT1,0.0,0.0,0.0,299.0,6.0,261.0,188.66666666666666
cn_TNNI3,0.0,0.0,0.0,299.0,6.0,261.0,188.66666666666666
cn_SYT5,0.0,0.0,0.0,299.0,6.0,261.0,188.66666666666666
cn_COX6B2,0.0,0.0,0.0,299.0,6.0,261.0,188.66666666666666
cn_NLRP5,0.0,0.0,0.0,299.0,6.0,261.0,188.66666666666666
cn_CHODL,0.0,0.0,0.0,299.0,6.0,261.0,188.66666666666666
cn_NCAM2,0.0,0.0,0.0,299.0,6.0,261.0,188.66666666666666
cn_B3GALT5,0.0,0.0,0.0,299.0,6.0,261.0,188.66666666666666
cn_C21orf88,0.0,0.0,0.0,299.0,6.0,261.0,188.66666666666666
cn_SIRPG,0.0,0.0,0.0,299.0,6.0,261.0,188.66666666666666
cn_TGM3,0.0,0.0,0.0,299.0,6.0,261.0,188.66666666666666
cn_ADAM33,0.0,0.0,0.0,299.0,6.0,261.0,188.66666666666666
cn_SPEF1,0.0,0.0,0.0,299.0,6.0,261.0,188.66666666666666
cn_PRND,0.0,0.0,0.0,299.0,6.0,261.0,188.66666666666666
cn_CHGB,0.0,0.0,0.0,299.0,6.0,261.0,188.66666666666666
cn_FERMT1,0.0,0.0,0.0,299.0,6.0,261.0,188.66666666666666
cn_PAK7,0.0,0.0,0.0,299.0,6.0,261.0,188.66666666666666
cn_SNAP25,0.0,0.0,0.0,299.0,6.0,261.0,188.66666666666666
cn_FLRT3,0.0,0.0,0.0,299.0,6.0,261.0,188.66666666666666
cn_PCSK2,0.0,0.0,0.0,299.0,6.0,261.0,188.66666666666666
cn_PTPRT,0.0,0.0,0.0,299.0,6.0,261.0,188.66666666666666
cn_MMP11,0.0,0.0,0.0,299.0,6.0,261.0,188.66666666666666
cn_GSTT1,0.0,0.0,0.0,299.0,6.0,261.0,188.66666666666666
cn_MYO18B,0.0,0.0,0.0,299.0,6.0,261.0,188.66666666666666
cn_SEZ6L,0.0,0.0,0.0,299.0,6.0,261.0,188.66666666666666
cn_ZBP1,0.0,0.0,0.0,299.0,6.0,261.0,188.66666666666666
cn_C20orf85,0.0,0.0,0.0,299.0,6.0,261.0,188.66666666666666
cn_APCDD1L,0.0,0.0,0.0,299.0,6.0,261.0,188.66666666666666
cn_ZNF831,0.0,0.0,0.0,299.0,6.0,261.0,188.66666666666666
cn_EDN3,0.0,0.0,0.0,299.0,6.0,261.0,188.66666666666666
cn_GATA5,0.0,0.0,0.0,299.0,6.0,261.0,188.66666666666666
cn_COL9A3,0.0,0.0,0.0,299.0,6.0,261.0,188.66666666666666
cn_EEF1A2,0.0,0.0,0.0,299.0,6.0,261.0,188.66666666666666
cn_SRMS,0.0,0.0,0.0,299.0,6.0,261.0,188.66666666666666
cn_MYT1,0.0,0.0,0.0,299.0,6.0,261.0,188.66666666666666
cn_ABCC13,0.0,0.0,0.0,299.0,6.0,261.0,188.66666666666666
cn_CXADR,0.0,0.0,0.0,299.0,6.0,261.0,188.66666666666666
cn_SERHL2,0.0,0.0,0.0,299.0,6.0,261.0,188.66666666666666
cn_SCUBE1,0.0,0.0,0.0,299.0,6.0,261.0,188.66666666666666
cn_MPPED1,0.0,0.0,0.0,299.0,6.0,261.0,188.66666666666666
cn_SULT4A1,0.0,0.0,0.0,299.0,6.0,261.0,188.66666666666666
cn_FAM3B,0.0,0.0,0.0,299.0,6.0,261.0,188.66666666666666
cn_TMPRSS2,0.0,0.0,0.0,299.0,6.0,261.0,188.66666666666666
cn_UMODL1,0.0,0.0,0.0,299.0,6.0,261.0,188.66666666666666
cn_S100B,0.0,0.0,0.0,299.0,6.0,261.0,188.66666666666666
cn_CECR7,0.0,0.0,0.0,299.0,6.0,261.0,188.66666666666666
cn_CECR2,0.0,0.0,0.0,299.0,6.0,261.0,188.66666666666666
cn_CDC45,0.0,0.0,0.0,299.0,6.0,261.0,188.66666666666666
cn_PRODH,0.0,0.0,0.0,299.0,6.0,261.0,188.66666666666666
cn_SLC7A4,0.0,0.0,0.0,299.0,6.0,261.0,188.66666666666666
cn_TBX1,0.0,0.0,0.0,299.0,6.0,261.0,188.66666666666666
cn_PRAME,0.0,0.0,0.0,299.0,6.0,261.0,188.66666666666666
cn_VPREB3,0.0,0.0,0.0,299.0,6.0,261.0,188.66666666666666
mu_HECTD4,0.0,0.0,0.0,299.0,6.0,261.0,188.66666666666666
mu_LRBA,0.0,0.0,0.0,299.0,6.0,261.0,188.66666666666666
mu_LRP2,0.0,0.0,0.0,299.0,6.0,261.0,188.66666666666666
mu_SYNE1,0.0,0.0,0.0,299.0,6.0,261.0,188.66666666666666
mu_MGA,0.0,0.0,0.0,299.0,6.0,261.0,188.66666666666666
cn_NEFH,0.0,0.0,0.0,299.0,6.0,261.0,188.66666666666666
cn_SEC14L2,0.0,0.0,0.0,299.0,6.0,261.0,188.66666666666666
cn_INPP5J,0.0,0.0,0.0,299.0,6.0,261.0,188.66666666666666
cn_PLA2G3,0.0,0.0,0.0,299.0,6.0,261.0,188.66666666666666
cn_SLC5A1,0.0,0.0,0.0,299.0,6.0,261.0,188.66666666666666
cn_TMPRSS6,0.0,0.0,0.0,299.0,6.0,261.0,188.66666666666666
cn_ELFN2,0.0,0.0,0.0,299.0,6.0,261.0,188.66666666666666
cn_SOX10,0.0,0.0,0.0,299.0,6.0,261.0,188.66666666666666
cn_APOBEC3B,0.0,0.0,0.0,299.0,6.0,261.0,188.66666666666666
cn_CACNA1I,0.0,0.0,0.0,299.0,6.0,261.0,188.66666666666666
cn_SEPT3,0.0,0.0,0.0,299.0,6.0,261.0,188.66666666666666
mu_MAP3K1,0.0,0.0,0.0,299.0,6.0,261.0,188.66666666666666
mu_MED12,0.0,0.0,0.0,299.0,6.0,261.0,188.66666666666666
mu_RNA5-8SP6,0.0,0.0,0.0,299.0,6.0,261.0,188.66666666666666
mu_AHCTF1,0.0,0.0,0.0,299.0,6.0,261.0,188.66666666666666
mu_APOBR,0.0,0.0,0.0,299.0,6.0,261.0,188.66666666666666
mu_COL14A1,0.0,0.0,0.0,299.0,6.0,261.0,188.66666666666666
cn_PNPLA3,0.0,0.0,0.0,299.0,6.0,261.0,188.66666666666666
cn_PHF21B,0.0,0.0,0.0,299.0,6.0,261.0,188.66666666666666
cn_UPK3A,0.0,0.0,0.0,299.0,6.0,261.0,188.66666666666666
cn_SMC1B,0.0,0.0,0.0,299.0,6.0,261.0,188.66666666666666
cn_WNT7B,0.0,0.0,0.0,299.0,6.0,261.0,188.66666666666666
cn_KLHDC7B,0.0,0.0,0.0,299.0,6.0,261.0,188.66666666666666
cn_MAPK8IP2,0.0,0.0,0.0,299.0,6.0,261.0,188.66666666666666
cn_MLC1,0.0,0.0,0.0,299.0,6.0,261.0,188.66666666666666
mu_ANK3,0.0,0.0,0.0,299.0,6.0,261.0,188.66666666666666
mu_GATA3,0.0,0.0,0.0,299.0,6.0,261.0,188.66666666666666
mu_USH2A,0.0,0.0,0.0,299.0,6.0,261.0,188.66666666666666
mu_AHNAK,0.0,0.0,0.0,299.0,6.0,261.0,188.66666666666666
mu_CDH23,0.0,0.0,0.0,299.0,6.0,261.0,188.66666666666666
mu_CEP350,0.0,0.0,0.0,299.0,6.0,261.0,188.66666666666666
mu_DNAH1,0.0,0.0,0.0,299.0,6.0,261.0,188.66666666666666
mu_DNAH7,0.0,0.0,0.0,299.0,6.0,261.0,188.66666666666666
mu_MUC16,0.0,0.0,0.0,299.0,6.0,261.0,188.66666666666666
mu_ZFHX4,0.0,0.0,0.0,299.0,6.0,261.0,188.66666666666666
mu_LAMA2,0.0,0.0,0.0,299.0,6.0,261.0,188.66666666666666
mu_MLL3,0.0,0.0,0.0,299.0,6.0,261.0,188.66666666666666
mu_MUC5B,0.0,0.0,0.0,299.0,6.0,261.0,188.66666666666666
mu_PLXNA4,0.0,0.0,0.0,299.0,6.0,261.0,188.66666666666666
mu_PTPRD,0.0,0.0,0.0,299.0,6.0,261.0,188.66666666666666
mu_CSMD2,0.0,0.0,0.0,299.0,6.0,261.0,188.66666666666666
mu_DSCAM,0.0,0.0,0.0,299.0,6.0,261.0,188.66666666666666
mu_FAT2,0.0,0.0,0.0,299.0,6.0,261.0,188.66666666666666
mu_ZFHX3,0.0,0.0,0.0,299.0,6.0,261.0,188.66666666666666
mu_SPEN,0.0,0.0,0.0,299.0,6.0,261.0,188.66666666666666
mu_FAT3,0.0,0.0,0.0,299.0,6.0,261.0,188.66666666666666
mu_MUC4,0.0,0.0,0.0,299.0,6.0,261.0,188.66666666666666
mu_OBSCN,0.0,0.0,0.0,299.0,6.0,261.0,188.66666666666666
mu_MUC20,0.0,0.0,0.0,299.0,6.0,261.0,188.66666666666666
mu_COL7A1,0.0,0.0,0.0,299.0,6.0,261.0,188.66666666666666
mu_CSMD1,0.0,0.0,0.0,299.0,6.0,261.0,188.66666666666666
mu_CUBN,0.0,0.0,0.0,299.0,6.0,261.0,188.66666666666666
mu_DMD,0.0,0.0,0.0,299.0,6.0,261.0,188.66666666666666
mu_DNAH8,0.0,0.0,0.0,299.0,6.0,261.0,188.66666666666666
mu_GOLGA6L2,0.0,0.0,0.0,299.0,6.0,261.0,188.66666666666666
mu_HYDIN,0.0,0.0,0.0,299.0,6.0,261.0,188.66666666666666
mu_MUC12,0.0,0.0,0.0,299.0,6.0,261.0,188.66666666666666
mu_PLCE1,0.0,0.0,0.0,299.0,6.0,261.0,188.66666666666666
mu_RYR2,0.0,0.0,0.0,299.0,6.0,261.0,188.66666666666666
mu_DNAH17,0.0,0.0,0.0,299.0,6.0,261.0,188.66666666666666
mu_DSPP,0.0,0.0,0.0,299.0,6.0,261.0,188.66666666666666
mu_HRNR,0.0,0.0,0.0,299.0,6.0,261.0,188.66666666666666
mu_SVEP1,0.0,0.0,0.0,299.0,6.0,261.0,188.66666666666666
mu_ANK1,0.0,0.0,0.0,299.0,6.0,261.0,188.66666666666666
pp_p62.LCK.ligand,0.0,0.0,0.0,299.0,6.0,261.0,188.66666666666666
mu_HERC2,0.0,0.0,0.0,299.0,6.0,261.0,188.66666666666666
mu_IGSF10,0.0,0.0,0.0,299.0,6.0,261.0,188.66666666666666
mu_KAT6B,0.0,0.0,0.0,299.0,6.0,261.0,188.66666666666666
mu_PIK3CA,0.0,0.0,0.0,299.0,6.0,261.0,188.66666666666666
mu_QSER1,0.0,0.0,0.0,299.0,6.0,261.0,188.66666666666666
mu_RB1,0.0,0.0,0.0,299.0,6.0,261.0,188.66666666666666
mu_TAF1L,0.0,0.0,0.0,299.0,6.0,261.0,188.66666666666666
mu_TCHH,0.0,0.0,0.0,299.0,6.0,261.0,188.66666666666666
mu_TEX15,0.0,0.0,0.0,299.0,6.0,261.0,188.66666666666666
mu_TP53,0.0,0.0,0.0,299.0,6.0,261.0,188.66666666666666
mu_NF1,0.0,0.0,0.0,299.0,6.0,261.0,188.66666666666666
mu_PCLO,0.0,0.0,0.0,299.0,6.0,261.0,188.66666666666666
mu_ADAMTSL1,0.0,0.0,0.0,299.0,6.0,261.0,188.66666666666666
mu_CACNA1D,0.0,0.0,0.0,299.0,6.0,261.0,188.66666666666666
mu_FBN3,0.0,0.0,0.0,299.0,6.0,261.0,188.66666666666666
mu_MEGF8,0.0,0.0,0.0,299.0,6.0,261.0,188.66666666666666
mu_ODZ4,0.0,0.0,0.0,299.0,6.0,261.0,188.66666666666666
mu_ZAN,0.0,0.0,0.0,299.0,6.0,261.0,188.66666666666666
mu_AKAP9,0.0,0.0,0.0,299.0,6.0,261.0,188.66666666666666
mu_DNAH12,0.0,0.0,0.0,299.0,6.0,261.0,188.66666666666666
mu_DNAH5,0.0,0.0,0.0,299.0,6.0,261.0,188.66666666666666
mu_KIF26B,0.0,0.0,0.0,299.0,6.0,261.0,188.66666666666666
mu_NCOR1,0.0,0.0,0.0,299.0,6.0,261.0,188.66666666666666
mu_ARID1A,0.0,0.0,0.0,299.0,6.0,261.0,188.66666666666666
mu_ASPM,0.0,0.0,0.0,299.0,6.0,261.0,188.66666666666666
mu_CROCC,0.0,0.0,0.0,299.0,6.0,261.0,188.66666666666666
mu_FREM1,0.0,0.0,0.0,299.0,6.0,261.0,188.66666666666666
mu_MUC17,0.0,0.0,0.0,299.0,6.0,261.0,188.66666666666666
mu_TG,0.0,0.0,0.0,299.0,6.0,261.0,188.66666666666666
mu_TLN1,0.0,0.0,0.0,299.0,6.0,261.0,188.66666666666666
mu_DNAH3,0.0,0.0,0.0,299.0,6.0,261.0,188.66666666666666
mu_MGAM,0.0,0.0,0.0,299.0,6.0,261.0,188.66666666666666
mu_MTOR,0.0,0.0,0.0,299.0,6.0,261.0,188.66666666666666
mu_LAMA1,0.0,0.0,0.0,299.0,6.0,261.0,188.66666666666666
mu_MST1P9,0.0,0.0,0.0,299.0,6.0,261.0,188.66666666666666
mu_PCNT,0.0,0.0,0.0,299.0,6.0,261.0,188.66666666666666
mu_SCN2A,0.0,0.0,0.0,299.0,6.0,261.0,188.66666666666666
mu_TTN,0.0,0.0,0.0,299.0,6.0,261.0,188.66666666666666
mu_DNAH6,0.0,0.0,0.0,299.0,6.0,261.0,188.66666666666666
mu_DYNC2H1,0.0,0.0,0.0,299.0,6.0,261.0,188.66666666666666
mu_OTOGL,0.0,0.0,0.0,299.0,6.0,261.0,188.66666666666666
mu_TNRC6B,0.0,0.0,0.0,299.0,6.0,261.0,188.66666666666666
mu_MACF1,0.0,0.0,0.0,299.0,6.0,261.0,188.66666666666666
mu_APOB,0.0,0.0,0.0,299.0,6.0,261.0,188.66666666666666
mu_CNTRL,0.0,0.0,0.0,299.0,6.0,261.0,188.66666666666666
mu_FLG,0.0,0.0,0.0,299.0,6.0,261.0,188.66666666666666
mu_FMN2,0.0,0.0,0.0,299.0,6.0,261.0,188.66666666666666
mu_UBR4,0.0,0.0,0.0,299.0,6.0,261.0,188.66666666666666
mu_DST,0.0,0.0,0.0,299.0,6.0,261.0,188.66666666666666
mu_LYST,0.0,0.0,0.0,299.0,6.0,261.0,188.66666666666666
mu_MDN1,0.0,0.0,0.0,299.0,6.0,261.0,188.66666666666666
mu_TP53BP1,0.0,0.0,0.0,299.0,6.0,261.0,188.66666666666666
mu_ABCB1,0.0,0.0,0.0,299.0,6.0,261.0,188.66666666666666
mu_MXRA5,0.0,0.0,0.0,299.0,6.0,261.0,188.66666666666666
mu_HEATR7B2,0.0,0.0,0.0,299.0,6.0,261.0,188.66666666666666
mu_ATP10B,0.0,0.0,0.0,299.0,6.0,261.0,188.66666666666666
mu_CHD4,0.0,0.0,0.0,299.0,6.0,261.0,188.66666666666666
mu_FAT4,0.0,0.0,0.0,299.0,6.0,261.0,188.66666666666666
mu_HSPG2,0.0,0.0,0.0,299.0,6.0,261.0,188.66666666666666
mu_RP1,0.0,0.0,0.0,299.0,6.0,261.0,188.66666666666666
mu_RUNX1,0.0,0.0,0.0,299.0,6.0,261.0,188.66666666666666
mu_TBP,0.0,0.0,0.0,299.0,6.0,261.0,188.66666666666666
mu_WDR52,0.0,0.0,0.0,299.0,6.0,261.0,188.66666666666666
mu_BIRC6,0.0,0.0,0.0,299.0,6.0,261.0,188.66666666666666
mu_NEB,0.0,0.0,0.0,299.0,6.0,261.0,188.66666666666666
mu_RNF213,0.0,0.0,0.0,299.0,6.0,261.0,188.66666666666666
mu_SPTA1,0.0,0.0,0.0,299.0,6.0,261.0,188.66666666666666
mu_FLNC,0.0,0.0,0.0,299.0,6.0,261.0,188.66666666666666
mu_MLL2,0.0,0.0,0.0,299.0,6.0,261.0,188.66666666666666
mu_PDE4DIP,0.0,0.0,0.0,299.0,6.0,261.0,188.66666666666666
mu_MYH9,0.0,0.0,0.0,299.0,6.0,261.0,188.66666666666666
mu_AFF2,0.0,0.0,0.0,299.0,6.0,261.0,188.66666666666666
mu_COL6A5,0.0,0.0,0.0,299.0,6.0,261.0,188.66666666666666
mu_CTCF,0.0,0.0,0.0,299.0,6.0,261.0,188.66666666666666
mu_PDE3A,0.0,0.0,0.0,299.0,6.0,261.0,188.66666666666666
mu_CACNA1A,0.0,0.0,0.0,299.0,6.0,261.0,188.66666666666666
mu_THSD7B,0.0,0.0,0.0,299.0,6.0,261.0,188.66666666666666
mu_ABCA13,0.0,0.0,0.0,299.0,6.0,261.0,188.66666666666666
mu_EYS,0.0,0.0,0.0,299.0,6.0,261.0,188.66666666666666
mu_PKD1L1,0.0,0.0,0.0,299.0,6.0,261.0,188.66666666666666
mu_GPR98,0.0,0.0,0.0,299.0,6.0,261.0,188.66666666666666
mu_PKHD1,0.0,0.0,0.0,299.0,6.0,261.0,188.66666666666666
mu_PTEN,0.0,0.0,0.0,299.0,6.0,261.0,188.66666666666666
mu_VPS13D,0.0,0.0,0.0,299.0,6.0,261.0,188.66666666666666
mu_ANK2,0.0,0.0,0.0,299.0,6.0,261.0,188.66666666666666
mu_MYH11,0.0,0.0,0.0,299.0,6.0,261.0,188.66666666666666
mu_FAM157B,0.0,0.0,0.0,299.0,6.0,261.0,188.66666666666666
mu_SRCAP,0.0,0.0,0.0,299.0,6.0,261.0,188.66666666666666
mu_CMYA5,0.0,0.0,0.0,299.0,6.0,261.0,188.66666666666666
mu_BRWD1,0.0,0.0,0.0,299.0,6.0,261.0,188.66666666666666
mu_MLL,0.0,0.0,0.0,299.0,6.0,261.0,188.66666666666666
mu_PCNXL2,0.0,0.0,0.0,299.0,6.0,261.0,188.66666666666666
mu_PRKDC,0.0,0.0,0.0,299.0,6.0,261.0,188.66666666666666
mu_SI,0.0,0.0,0.0,299.0,6.0,261.0,188.66666666666666
mu_PTPRB,0.0,0.0,0.0,299.0,6.0,261.0,188.66666666666666
mu_CACNA1C,0.0,0.0,0.0,299.0,6.0,261.0,188.66666666666666
mu_FAT1,0.0,0.0,0.0,299.0,6.0,261.0,188.66666666666666
mu_TPR,0.0,0.0,0.0,299.0,6.0,261.0,188.66666666666666
mu_FRAS1,0.0,0.0,0.0,299.0,6.0,261.0,188.66666666666666
mu_RELN,0.0,0.0,0.0,299.0,6.0,261.0,188.66666666666666
mu_RPGR,0.0,0.0,0.0,299.0,6.0,261.0,188.66666666666666
mu_NOTCH2,0.0,0.0,0.0,299.0,6.0,261.0,188.66666666666666
mu_DNHD1,0.0,0.0,0.0,299.0,6.0,261.0,188.66666666666666
mu_XIRP2,0.0,0.0,0.0,299.0,6.0,261.0,188.66666666666666
mu_ANKRD30BL,0.0,0.0,0.0,299.0,6.0,261.0,188.66666666666666
mu_CBFB,0.0,0.0,0.0,299.0,6.0,261.0,188.66666666666666
mu_CACNA1F,0.0,0.0,0.0,299.0,6.0,261.0,188.66666666666666
mu_CHD6,0.0,0.0,0.0,299.0,6.0,261.0,188.66666666666666
mu_CHD8,0.0,0.0,0.0,299.0,6.0,261.0,188.66666666666666
mu_CNTNAP2,0.0,0.0,0.0,299.0,6.0,261.0,188.66666666666666
mu_DNAH2,0.0,0.0,0.0,299.0,6.0,261.0,188.66666666666666
mu_DYNC1H1,0.0,0.0,0.0,299.0,6.0,261.0,188.66666666666666
mu_RYR3,0.0,0.0,0.0,299.0,6.0,261.0,188.66666666666666
mu_FRG1B,0.0,0.0,0.0,299.0,6.0,261.0,188.66666666666666
mu_HUWE1,0.0,0.0,0.0,299.0,6.0,261.0,188.66666666666666
mu_FOXA1,0.0,0.0,0.0,299.0,6.0,261.0,188.66666666666666
mu_FCGBP,0.0,0.0,0.0,299.0,6.0,261.0,188.66666666666666
mu_CACNA1E,0.0,0.0,0.0,299.0,6.0,261.0,188.66666666666666
mu_ANKRD12,0.0,0.0,0.0,299.0,6.0,261.0,188.66666666666666
mu_CHD5,0.0,0.0,0.0,299.0,6.0,261.0,188.66666666666666
mu_GRID1,0.0,0.0,0.0,299.0,6.0,261.0,188.66666666666666
mu_KIF4A,0.0,0.0,0.0,299.0,6.0,261.0,188.66666666666666
mu_ERBB2,0.0,0.0,0.0,299.0,6.0,261.0,188.66666666666666
mu_SETD2,0.0,0.0,0.0,299.0,6.0,261.0,188.66666666666666
mu_VCAN,0.0,0.0,0.0,299.0,6.0,261.0,188.66666666666666
mu_WDFY3,0.0,0.0,0.0,299.0,6.0,261.0,188.66666666666666
mu_ATM,0.0,0.0,0.0,299.0,6.0,261.0,188.66666666666666
mu_UTRN,0.0,0.0,0.0,299.0,6.0,261.0,188.66666666666666
mu_CSPP1,0.0,0.0,0.0,299.0,6.0,261.0,188.66666666666666
mu_PREX2,0.0,0.0,0.0,299.0,6.0,261.0,188.66666666666666
mu_SMG1,0.0,0.0,0.0,299.0,6.0,261.0,188.66666666666666
mu_UBR5,0.0,0.0,0.0,299.0,6.0,261.0,188.66666666666666
mu_KIAA1210,0.0,0.0,0.0,299.0,6.0,261.0,188.66666666666666
mu_COL6A3,0.0,0.0,0.0,299.0,6.0,261.0,188.66666666666666
mu_ODZ1,0.0,0.0,0.0,299.0,6.0,261.0,188.66666666666666
mu_AHNAK2,0.0,0.0,0.0,299.0,6.0,261.0,188.66666666666666
mu_AKAP13,0.0,0.0,0.0,299.0,6.0,261.0,188.66666666666666
mu_ASTN1,0.0,0.0,0.0,299.0,6.0,261.0,188.66666666666666
mu_ITPR2,0.0,0.0,0.0,299.0,6.0,261.0,188.66666666666666
mu_TBX3,0.0,0.0,0.0,299.0,6.0,261.0,188.66666666666666
mu_F8,0.0,0.0,0.0,299.0,6.0,261.0,188.66666666666666
mu_AKD1,0.0,0.0,0.0,299.0,6.0,261.0,188.66666666666666
mu_ERBB3,0.0,0.0,0.0,299.0,6.0,261.0,188.66666666666666
mu_CENPE,0.0,0.0,0.0,299.0,6.0,261.0,188.66666666666666
mu_FLNA,0.0,0.0,0.0,299.0,6.0,261.0,188.66666666666666
mu_GRIN2A,0.0,0.0,0.0,299.0,6.0,261.0,188.66666666666666
mu_KIAA0947,0.0,0.0,0.0,299.0,6.0,261.0,188.66666666666666
mu_KIAA1109,0.0,0.0,0.0,299.0,6.0,261.0,188.66666666666666
mu_LRP1,0.0,0.0,0.0,299.0,6.0,261.0,188.66666666666666
mu_MYH1,0.0,0.0,0.0,299.0,6.0,261.0,188.66666666666666
mu_MYO18B,0.0,0.0,0.0,299.0,6.0,261.0,188.66666666666666
mu_RYR1,0.0,0.0,0.0,299.0,6.0,261.0,188.66666666666666
mu_SDK1,0.0,0.0,0.0,299.0,6.0,261.0,188.66666666666666
mu_STARD9,0.0,0.0,0.0,299.0,6.0,261.0,188.66666666666666
mu_FLG2,0.0,0.0,0.0,299.0,6.0,261.0,188.66666666666666
mu_PCDH19,0.0,0.0,0.0,299.0,6.0,261.0,188.66666666666666
mu_VPS13A,0.0,0.0,0.0,299.0,6.0,261.0,188.66666666666666
mu_PAPPA2,0.0,0.0,0.0,299.0,6.0,261.0,188.66666666666666
mu_PDZD2,0.0,0.0,0.0,299.0,6.0,261.0,188.66666666666666
mu_BCORL1,0.0,0.0,0.0,299.0,6.0,261.0,188.66666666666666
mu_VPS13B,0.0,0.0,0.0,299.0,6.0,261.0,188.66666666666666
mu_MAP2,0.0,0.0,0.0,299.0,6.0,261.0,188.66666666666666
mu_DNAH10,0.0,0.0,0.0,299.0,6.0,261.0,188.66666666666666
mu_SYNE2,0.0,0.0,0.0,299.0,6.0,261.0,188.66666666666666
mu_MAP2K4,0.0,0.0,0.0,299.0,6.0,261.0,188.66666666666666
mu_TNXB,0.0,0.0,0.0,299.0,6.0,261.0,188.66666666666666
mu_ASH1L,0.0,0.0,0.0,299.0,6.0,261.0,188.66666666666666
mu_ASXL2,0.0,0.0,0.0,299.0,6.0,261.0,188.66666666666666
mu_HMCN1,0.0,0.0,0.0,299.0,6.0,261.0,188.66666666666666
mu_ALMS1,0.0,0.0,0.0,299.0,6.0,261.0,188.66666666666666
mu_SCN10A,0.0,0.0,0.0,299.0,6.0,261.0,188.66666666666666
mu_ATRX,0.0,0.0,0.0,299.0,6.0,261.0,188.66666666666666
mu_PKHD1L1,0.0,0.0,0.0,299.0,6.0,261.0,188.66666666666666
mu_MAP1A,0.0,0.0,0.0,299.0,6.0,261.0,188.66666666666666
mu_DNAH9,0.0,0.0,0.0,299.0,6.0,261.0,188.66666666666666
mu_MYH7,0.0,0.0,0.0,299.0,6.0,261.0,188.66666666666666
mu_ABCA12,0.0,0.0,0.0,299.0,6.0,261.0,188.66666666666666
mu_C9orf174,0.0,0.0,0.0,299.0,6.0,261.0,188.66666666666666
mu_F5,0.0,0.0,0.0,299.0,6.0,261.0,188.66666666666666
mu_FRMPD4,0.0,0.0,0.0,299.0,6.0,261.0,188.66666666666666
mu_LRP1B,0.0,0.0,0.0,299.0,6.0,261.0,188.66666666666666
mu_DCHS2,0.0,0.0,0.0,299.0,6.0,261.0,188.66666666666666
mu_HERC1,0.0,0.0,0.0,299.0,6.0,261.0,188.66666666666666
mu_CSMD3,0.0,0.0,0.0,299.0,6.0,261.0,188.66666666666666
mu_USP34,0.0,0.0,0.0,299.0,6.0,261.0,188.66666666666666
mu_BAZ2B,0.0,0.0,0.0,299.0,6.0,261.0,188.66666666666666
pp_A.Raf,0.0,0.0,0.0,299.0,6.0,261.0,188.66666666666666
pp_mTOR,0.0,0.0,0.0,299.0,6.0,261.0,188.66666666666666
rs_AGR3,0.0,0.0,0.0,299.0,6.0,261.0,188.66666666666666
pp_ACVRL1,0.0,0.0,0.0,299.0,6.0,261.0,188.66666666666666
pp_ADAR1,0.0,0.0,0.0,299.0,6.0,261.0,188.66666666666666
pp_AMPK.alpha,0.0,0.0,0.0,299.0,6.0,261.0,188.66666666666666
mu_APC,0.0,0.0,0.0,299.0,6.0,261.0,188.66666666666666
mu_PRUNE2,0.0,0.0,0.0,299.0,6.0,261.0,188.66666666666666
mu_GON4L,0.0,0.0,0.0,299.0,6.0,261.0,188.66666666666666
mu_SPHKAP,0.0,0.0,0.0,299.0,6.0,261.0,188.66666666666666
mu_SACS,0.0,0.0,0.0,299.0,6.0,261.0,188.66666666666666
mu_MYCBP2,0.0,0.0,0.0,299.0,6.0,261.0,188.66666666666666
mu_DOCK11,0.0,0.0,0.0,299.0,6.0,261.0,188.66666666666666
mu_FBN1,0.0,0.0,0.0,299.0,6.0,261.0,188.66666666666666
mu_DNAH11,0.0,0.0,0.0,299.0,6.0,261.0,188.66666666666666
mu_PIWIL1,0.0,0.0,0.0,299.0,6.0,261.0,188.66666666666666
pp_Akt,0.0,0.0,0.0,299.0,6.0,261.0,188.66666666666666
pp_Akt.pS473,0.0,0.0,0.0,299.0,6.0,261.0,188.66666666666666
rs_KCNJ3,0.0,0.0,0.0,299.0,6.0,261.0,188.66666666666666
pp_Annexin.1,0.0,0.0,0.0,299.0,6.0,261.0,188.66666666666666
pp_Annexin.VII,0.0,0.0,0.0,299.0,6.0,261.0,188.66666666666666
pp_Axl,0.0,0.0,0.0,299.0,6.0,261.0,188.66666666666666
rs_C4orf7,0.0,0.0,0.0,299.0,6.0,261.0,188.66666666666666
pp_B.Raf.pS445,0.0,0.0,0.0,299.0,6.0,261.0,188.66666666666666
pp_BRCA2,0.0,0.0,0.0,299.0,6.0,261.0,188.66666666666666
mu_PEG3,0.0,0.0,0.0,299.0,6.0,261.0,188.66666666666666
pp_X14.3.3.beta,0.0,0.0,0.0,299.0,6.0,261.0,188.66666666666666
pp_p70S6K.pT389,0.0,0.0,0.0,299.0,6.0,261.0,188.66666666666666
pp_X4E.BP1,0.0,0.0,0.0,299.0,6.0,261.0,188.66666666666666
pp_p90RSK.pT359.S363,0.0,0.0,0.0,299.0,6.0,261.0,188.66666666666666
pp_X4E.BP1.pT70,0.0,0.0,0.0,299.0,6.0,261.0,188.66666666666666
pp_X53BP1,0.0,0.0,0.0,299.0,6.0,261.0,188.66666666666666
pp_Bak,0.0,0.0,0.0,299.0,6.0,261.0,188.66666666666666
pp_Bap1.c.4,0.0,0.0,0.0,299.0,6.0,261.0,188.66666666666666
pp_Bax,0.0,0.0,0.0,299.0,6.0,261.0,188.66666666666666
rs_MUC6,0.0,0.0,0.0,299.0,6.0,261.0,188.66666666666666
rs_UGT2B11,0.0,0.0,0.0,299.0,6.0,261.0,188.66666666666666
rs_GABRP,0.0,0.0,0.0,299.0,6.0,261.0,188.66666666666666
pp_Bid,0.0,0.0,0.0,299.0,6.0,261.0,188.66666666666666
rs_SLC30A8,0.0,0.0,0.0,299.0,6.0,261.0,188.66666666666666
pp_C.Raf,0.0,0.0,0.0,299.0,6.0,261.0,188.66666666666666
pp_CD20,0.0,0.0,0.0,299.0,6.0,261.0,188.66666666666666
pp_CD26,0.0,0.0,0.0,299.0,6.0,261.0,188.66666666666666
rs_STAC2,0.0,0.0,0.0,299.0,6.0,261.0,188.66666666666666
pp_CD49b,0.0,0.0,0.0,299.0,6.0,261.0,188.66666666666666
pp_AMPK.pT172,0.0,0.0,0.0,299.0,6.0,261.0,188.66666666666666
pp_ASNS,0.0,0.0,0.0,299.0,6.0,261.0,188.66666666666666
pp_Collagen.VI,0.0,0.0,0.0,299.0,6.0,261.0,188.66666666666666
pp_Cyclin.B1,0.0,0.0,0.0,299.0,6.0,261.0,188.66666666666666
pp_Cyclin.D1,0.0,0.0,0.0,299.0,6.0,261.0,188.66666666666666
rs_ESR1,0.0,0.0,0.0,299.0,6.0,261.0,188.66666666666666
rs_SYT9,0.0,0.0,0.0,299.0,6.0,261.0,188.66666666666666
rs_DLK1,0.0,0.0,0.0,299.0,6.0,261.0,188.66666666666666
rs_MAGEA6,0.0,0.0,0.0,299.0,6.0,261.0,188.66666666666666
rs_GRPR,0.0,0.0,0.0,299.0,6.0,261.0,188.66666666666666
rs_FOLR1,0.0,0.0,0.0,299.0,6.0,261.0,188.66666666666666
rs_S100P,0.0,0.0,0.0,299.0,6.0,261.0,188.66666666666666
rs_FOXI1,0.0,0.0,0.0,299.0,6.0,261.0,188.66666666666666
rs_MMP13,0.0,0.0,0.0,299.0,6.0,261.0,188.66666666666666
rs_COL11A1,0.0,0.0,0.0,299.0,6.0,261.0,188.66666666666666
rs_SCARA5,0.0,0.0,0.0,299.0,6.0,261.0,188.66666666666666
rs_ROPN1,0.0,0.0,0.0,299.0,6.0,261.0,188.66666666666666
rs_PYDC1,0.0,0.0,0.0,299.0,6.0,261.0,188.66666666666666
pp_ER.alpha,0.0,0.0,0.0,299.0,6.0,261.0,188.66666666666666
pp_ER.alpha.pS118,0.0,0.0,0.0,299.0,6.0,261.0,188.66666666666666
pp_ERCC1,0.0,0.0,0.0,299.0,6.0,261.0,188.66666666666666
pp_ERCC5,0.0,0.0,0.0,299.0,6.0,261.0,188.66666666666666
pp_CDK1,0.0,0.0,0.0,299.0,6.0,261.0,188.66666666666666
pp_COG3,0.0,0.0,0.0,299.0,6.0,261.0,188.66666666666666
pp_Caspase.3,0.0,0.0,0.0,299.0,6.0,261.0,188.66666666666666
pp_Caspase.7.cleavedD198,0.0,0.0,0.0,299.0,6.0,261.0,188.66666666666666
rs_VSTM2A,0.0,0.0,0.0,299.0,6.0,261.0,188.66666666666666
rs_KRT5,0.0,0.0,0.0,299.0,6.0,261.0,188.66666666666666
pp_Chk1,0.0,0.0,0.0,299.0,6.0,261.0,188.66666666666666
rs_TUSC5,0.0,0.0,0.0,299.0,6.0,261.0,188.66666666666666
pp_Chk1.pS345,0.0,0.0,0.0,299.0,6.0,261.0,188.66666666666666
rs_CEACAM5,0.0,0.0,0.0,299.0,6.0,261.0,188.66666666666666
pp_Chk2.pT68,0.0,0.0,0.0,299.0,6.0,261.0,188.66666666666666
pp_Claudin.7,0.0,0.0,0.0,299.0,6.0,261.0,188.66666666666666
pp_GSK3.alpha.beta.pS21.S9,0.0,0.0,0.0,299.0,6.0,261.0,188.66666666666666
rs_OLFM4,0.0,0.0,0.0,299.0,6.0,261.0,188.66666666666666
rs_CYP4Z2P,0.0,0.0,0.0,299.0,6.0,261.0,188.66666666666666
rs_KLHDC7A,0.0,0.0,0.0,299.0,6.0,261.0,188.66666666666666
rs_SCGB3A1,0.0,0.0,0.0,299.0,6.0,261.0,188.66666666666666
rs_RPS28,0.0,0.0,0.0,299.0,6.0,261.0,188.66666666666666
rs_CALML5,0.0,0.0,0.0,299.0,6.0,261.0,188.66666666666666
pp_Cyclin.E2,0.0,0.0,0.0,299.0,6.0,261.0,188.66666666666666
pp_DIRAS3,0.0,0.0,0.0,299.0,6.0,261.0,188.66666666666666
rs_GP2,0.0,0.0,0.0,299.0,6.0,261.0,188.66666666666666
rs_LEP,0.0,0.0,0.0,299.0,6.0,261.0,188.66666666666666
rs_CRABP1,0.0,0.0,0.0,299.0,6.0,261.0,188.66666666666666
pp_EGFR,0.0,0.0,0.0,299.0,6.0,261.0,188.66666666666666
pp_EGFR.pY1173,0.0,0.0,0.0,299.0,6.0,261.0,188.66666666666666
pp_ENY2,0.0,0.0,0.0,299.0,6.0,261.0,188.66666666666666
rs_KLK11,0.0,0.0,0.0,299.0,6.0,261.0,188.66666666666666
rs_CST9,0.0,0.0,0.0,299.0,6.0,261.0,188.66666666666666
pp_FASN,0.0,0.0,0.0,299.0,6.0,261.0,188.66666666666666
pp_FOXO3a,0.0,0.0,0.0,299.0,6.0,261.0,188.66666666666666
rs_CST1,0.0,0.0,0.0,299.0,6.0,261.0,188.66666666666666
rs_PIGR,0.0,0.0,0.0,299.0,6.0,261.0,188.66666666666666
rs_CIDEC,0.0,0.0,0.0,299.0,6.0,261.0,188.66666666666666
pp_G6PD,0.0,0.0,0.0,299.0,6.0,261.0,188.66666666666666
pp_GAB2,0.0,0.0,0.0,299.0,6.0,261.0,188.66666666666666
pp_GAPDH,0.0,0.0,0.0,299.0,6.0,261.0,188.66666666666666
pp_GATA6,0.0,0.0,0.0,299.0,6.0,261.0,188.66666666666666
pp_GCN5L2,0.0,0.0,0.0,299.0,6.0,261.0,188.66666666666666
pp_GSK3.alpha.beta,0.0,0.0,0.0,299.0,6.0,261.0,188.66666666666666
pp_HER2.pY1248,0.0,0.0,0.0,299.0,6.0,261.0,188.66666666666666
rs_LTF,0.0,0.0,0.0,299.0,6.0,261.0,188.66666666666666
pp_Heregulin,0.0,0.0,0.0,299.0,6.0,261.0,188.66666666666666
rs_MUC5B,0.0,0.0,0.0,299.0,6.0,261.0,188.66666666666666
pp_IRF.1,0.0,0.0,0.0,299.0,6.0,261.0,188.66666666666666
rs_CEACAM6,0.0,0.0,0.0,299.0,6.0,261.0,188.66666666666666
rs_SLC34A2,0.0,0.0,0.0,299.0,6.0,261.0,188.66666666666666
pp_JNK2,0.0,0.0,0.0,299.0,6.0,261.0,188.66666666666666
pp_JNK.pT183.pY185,0.0,0.0,0.0,299.0,6.0,261.0,188.66666666666666
pp_Jak2,0.0,0.0,0.0,299.0,6.0,261.0,188.66666666666666
rs_PROM1,0.0,0.0,0.0,299.0,6.0,261.0,188.66666666666666
pp_PKC.alpha,0.0,0.0,0.0,299.0,6.0,261.0,188.66666666666666
rs_CLCA2,0.0,0.0,0.0,299.0,6.0,261.0,188.66666666666666
pp_Lck,0.0,0.0,0.0,299.0,6.0,261.0,188.66666666666666
pp_MAPK.pT202.Y204,0.0,0.0,0.0,299.0,6.0,261.0,188.66666666666666
pp_MEK1.pS217.S221,0.0,0.0,0.0,299.0,6.0,261.0,188.66666666666666
rs_KRT17,0.0,0.0,0.0,299.0,6.0,261.0,188.66666666666666
pp_MYH11,0.0,0.0,0.0,299.0,6.0,261.0,188.66666666666666
rs_NPY1R,0.0,0.0,0.0,299.0,6.0,261.0,188.66666666666666
rs_DSG3,0.0,0.0,0.0,299.0,6.0,261.0,188.66666666666666
pp_Myosin.IIa.pS1943,0.0,0.0,0.0,299.0,6.0,261.0,188.66666666666666
rs_OBP2B,0.0,0.0,0.0,299.0,6.0,261.0,188.66666666666666
pp_Rb.pS807.S811,0.0,0.0,0.0,299.0,6.0,261.0,188.66666666666666
pp_NF2,0.0,0.0,0.0,299.0,6.0,261.0,188.66666666666666
pp_Notch1,0.0,0.0,0.0,299.0,6.0,261.0,188.66666666666666
pp_P.Cadherin,0.0,0.0,0.0,299.0,6.0,261.0,188.66666666666666
pp_PAI.1,0.0,0.0,0.0,299.0,6.0,261.0,188.66666666666666
rs_KIF1A,0.0,0.0,0.0,299.0,6.0,261.0,188.66666666666666
pp_PCNA,0.0,0.0,0.0,299.0,6.0,261.0,188.66666666666666
pp_PEA15,0.0,0.0,0.0,299.0,6.0,261.0,188.66666666666666
rs_TNNT1,0.0,0.0,0.0,299.0,6.0,261.0,188.66666666666666
rs_LRP2,0.0,0.0,0.0,299.0,6.0,261.0,188.66666666666666
pp_PKC.delta.pS664,0.0,0.0,0.0,299.0,6.0,261.0,188.66666666666666
pp_PR,0.0,0.0,0.0,299.0,6.0,261.0,188.66666666666666
pp_PRAS40.pT246,0.0,0.0,0.0,299.0,6.0,261.0,188.66666666666666
pp_PREX1,0.0,0.0,0.0,299.0,6.0,261.0,188.66666666666666
rs_GFRA1,0.0,0.0,0.0,299.0,6.0,261.0,188.66666666666666
rs_CYP2A6,0.0,0.0,0.0,299.0,6.0,261.0,188.66666666666666
pp_Rab11,0.0,0.0,0.0,299.0,6.0,261.0,188.66666666666666
rs_GPD1,0.0,0.0,0.0,299.0,6.0,261.0,188.66666666666666
pp_Rad50,0.0,0.0,0.0,299.0,6.0,261.0,188.66666666666666
rs_PLIN1,0.0,0.0,0.0,299.0,6.0,261.0,188.66666666666666
pp_Raptor,0.0,0.0,0.0,299.0,6.0,261.0,188.66666666666666
rs_CP,0.0,0.0,0.0,299.0,6.0,261.0,188.66666666666666
pp_Tuberin,0.0,0.0,0.0,299.0,6.0,261.0,188.66666666666666
pp_Tuberin.pT1462,0.0,0.0,0.0,299.0,6.0,261.0,188.66666666666666
pp_VEGFR2,0.0,0.0,0.0,299.0,6.0,261.0,188.66666666666666
pp_XBP1,0.0,0.0,0.0,299.0,6.0,261.0,188.66666666666666
pp_Rictor.pT1135,0.0,0.0,0.0,299.0,6.0,261.0,188.66666666666666
rs_KCNC2,0.0,0.0,0.0,299.0,6.0,261.0,188.66666666666666
pp_S6.pS240.S244,0.0,0.0,0.0,299.0,6.0,261.0,188.66666666666666
pp_SCD,0.0,0.0,0.0,299.0,6.0,261.0,188.66666666666666
pp_SF2,0.0,0.0,0.0,299.0,6.0,261.0,188.66666666666666
pp_SHP.2.pY542,0.0,0.0,0.0,299.0,6.0,261.0,188.66666666666666
rs_ALB,0.0,0.0,0.0,299.0,6.0,261.0,188.66666666666666
pp_STAT3.pY705,0.0,0.0,0.0,299.0,6.0,261.0,188.66666666666666
pp_STAT5.alpha,0.0,0.0,0.0,299.0,6.0,261.0,188.66666666666666
rs_KLK6,0.0,0.0,0.0,299.0,6.0,261.0,188.66666666666666
rs_KLK7,0.0,0.0,0.0,299.0,6.0,261.0,188.66666666666666
rs_HOXC11,0.0,0.0,0.0,299.0,6.0,261.0,188.66666666666666
rs_KRT13,0.0,0.0,0.0,299.0,6.0,261.0,188.66666666666666
rs_PPP4R4,0.0,0.0,0.0,299.0,6.0,261.0,188.66666666666666
rs_SLC28A3,0.0,0.0,0.0,299.0,6.0,261.0,188.66666666666666
rs_TIMP4,0.0,0.0,0.0,299.0,6.0,261.0,188.66666666666666
rs_AGTR1,0.0,0.0,0.0,299.0,6.0,261.0,188.66666666666666
rs_SLC26A3,0.0,0.0,0.0,299.0,6.0,261.0,188.66666666666666
rs_LGALS12,0.0,0.0,0.0,299.0,6.0,261.0,188.66666666666666
rs_CHIT1,0.0,0.0,0.0,299.0,6.0,261.0,188.66666666666666
rs_CHST8,0.0,0.0,0.0,299.0,6.0,261.0,188.66666666666666
rs_ROBO2,0.0,0.0,0.0,299.0,6.0,261.0,188.66666666666666
rs_HOTAIR,0.0,0.0,0.0,299.0,6.0,261.0,188.66666666666666
rs_PKP1,0.0,0.0,0.0,299.0,6.0,261.0,188.66666666666666
rs_GPR98,0.0,0.0,0.0,299.0,6.0,261.0,188.66666666666666
rs_ALDH1L1,0.0,0.0,0.0,299.0,6.0,261.0,188.66666666666666
pp_eIF4E,0.0,0.0,0.0,299.0,6.0,261.0,188.66666666666666
rs_TUBA3D,0.0,0.0,0.0,299.0,6.0,261.0,188.66666666666666
rs_SCUBE2,0.034278795,-0.00602836879432625,0.10621529,1.0,1929.0,25.0,651.6666666666666
rs_FXYD1,0.01726496,-0.0039007092198581617,0.06732212,10.0,1916.0,44.0,656.6666666666666
rs_HPX,0.0071667777,-0.004964539007092206,0.15856256,35.0,1927.0,14.0,658.6666666666666
rs_LOC100271831,0.006131041,-0.013829787234042573,0.31245956,48.0,1937.0,2.0,662.3333333333334
rs_TMPRSS3,0.0060910974,-0.0063829787234042645,0.21278307,50.0,1933.0,7.0,663.3333333333334
rs_LOC389033,0.0070751966,-0.004255319148936176,0.07617778,36.0,1921.0,37.0,664.6666666666666
rs_C2orf82,0.0075216345,-0.0028368794326241176,0.05603199,33.0,1906.0,56.0,665.0
rs_CAPN8,0.005220563,-0.0039007092198581617,0.10761796,62.0,1916.0,23.0,667.0
rs_SOX10,0.018687626,-0.004255319148936176,0.036699165,8.0,1921.0,82.0,670.3333333333334
rs_MMP1,0.003128854,-0.006737588652482279,0.2647976,98.0,1934.0,5.0,679.0
rs_SLITRK6,0.003432857,-0.003546099290780147,0.06019443,86.0,1914.0,51.0,683.6666666666666
rs_FUT3,0.0012479031,-0.003546099290780147,0.1614252,164.0,1914.0,13.0,697.0
rs_CASP14,0.001959977,-0.0028368794326241176,0.04828485,127.0,1906.0,65.0,699.3333333333334
rs_DIO1,0.0010645201,-0.0028368794326241176,0.11687912,180.0,1906.0,20.0,702.0
rs_DEGS2,0.0010471499,-0.0039007092198581617,0.111743614,184.0,1916.0,21.0,707.0
rs_DLX2,0.0011636929,-0.006737588652482279,0.16236664,176.0,1934.0,12.0,707.3333333333334
rs_GSTM1,0.0010576112,-0.0031914893617021323,0.09025983,181.0,1912.0,30.0,707.6666666666666
rs_ADH1C,0.0013546325,-0.004609929078014191,0.06501566,159.0,1924.0,46.0,709.6666666666666
rs_DPYSL5,0.0007570348,-0.0039007092198581617,0.17476001,206.0,1916.0,9.0,710.3333333333334
rs_CA4,0.0012229758,-0.00602836879432625,0.062311877,167.0,1929.0,48.0,714.6666666666666
pp_c.Myc,0.00047203744,-0.002482269503546103,0.24304338,237.0,1904.0,6.0,715.6666666666666
rs_TLX1,0.0005931564,-0.002482269503546103,0.08928692,223.0,1904.0,31.0,719.3333333333334
rs_AKR1C1,0.0013227429,-0.00602836879432625,0.04401129,162.0,1929.0,69.0,720.0
rs_CLGN,0.0006535622,-0.0031914893617021323,0.07815088,218.0,1912.0,36.0,722.0
rs_BMPR1B,0.00051889295,-0.00602836879432625,0.16642822,233.0,1929.0,10.0,724.0
rs_AGR2,0.00049305655,-0.004609929078014191,0.13989323,235.0,1924.0,16.0,725.0
pp_FoxM1,0.00030748275,-0.0028368794326241176,0.1170173,268.0,1906.0,19.0,731.0
rs_SCGB1D2,0.0,-0.0007092198581560294,0.1293741,299.0,1898.0,17.0,738.0
rs_SPDEF,0.0,-0.004255319148936176,0.08415396,299.0,1921.0,33.0,751.0
rs_MUC16,0.0,-0.002127659574468088,0.035664998,299.0,1902.0,88.0,763.0
rs_GPR26,0.00043962334,-0.0017730496453900735,0.026296576,249.0,1901.0,143.0,764.3333333333334
pp_Myosin.IIa,0.00029177993,-0.0028368794326241176,0.024982365,272.0,1906.0,153.0,777.0
rs_NEK10,0.0,-0.0014184397163120588,0.027553625,299.0,1900.0,140.0,779.6666666666666
pp_ETS.1,0.0003590835,-0.0053191489361702204,0.023222268,261.0,1928.0,163.0,784.0
rs_SCGB2A2,0.0,-0.0039007092198581617,0.025245639,299.0,1916.0,151.0,788.6666666666666
rs_HBB,0.0,-0.004609929078014191,0.024544276,299.0,1924.0,156.0,793.0
pp_Bcl.2,0.0,-0.001063829787234044,0.019218225,299.0,1899.0,184.0,794.0
pp_Chk2,0.00045181622,-0.007092198581560294,0.010128461,242.0,1936.0,235.0,804.3333333333334
rs_KLK10,0.0,-0.0028368794326241176,0.014320811,299.0,1906.0,210.0,805.0
cn_BCAS1,0.0,-0.002127659574468088,0.0064422623,299.0,1902.0,252.0,817.6666666666666
